entity1,relation,entity2
Q783794,P279,Q43229
Q783794,P460,Q4830453
Q381136,P31,Q214339
Q381136,P1382,Q557880
Q68,P527,Q7397
Q240673,P361,Q159810
Q240673,P31,Q151885
Q1371819,P180,Q344
Q1371819,P1889,Q309100
Q1371819,P828,Q309100
Q1369832,P31,Q151885
Q1369832,P279,Q601401
Q1369832,P2079,Q39809
Q1369832,P461,Q194189
Q780687,P279,Q321839
Q58778,P279,Q6671777
Q577,P527,Q5151
Q46737,P279,Q1554231
Q189539,P1552,Q309314
Q189539,P1535,Q157470
Q189539,P1535,Q157165
Q8161,P279,Q7748
Q2995644,P1269,Q179289
Q2995644,P31,Q151885
Q637776,P279,Q83405
Q21255975,P461,Q481609
Q170584,P31,Q151885
Q170584,P1552,Q4503831
Q170584,P1552,Q327245
Q11004,P279,Q756
Q11004,P279,Q2095
Q11004,P527,Q283
Q8805,P31,Q151885
Q693464,P279,Q1368
Q5151,P361,Q577
Q4830453,P460,Q783794
Q4830453,P279,Q43229
Q3,P461,Q4
Q3,P527,Q4
Q315,P361,Q11024
Q315,P1552,Q1308274
Q283102,P155,Q168182
Q283102,P461,Q7722
Q283102,P361,Q573
Q283102,P156,Q7725
Q394963,P31,Q4830453
Q14083,P1269,Q8142
Q14083,P279,Q8142
Q2920921,P1269,Q43229
Q2920921,P2079,Q309100
Q599151,P31,Q192581
Q599151,P460,Q61022630
Q45701,P279,Q214609
Q6256,P527,Q183366
Q381072,P279,Q104493
Q8142,P279,Q1368
Q8142,P1889,Q1368
Q3196867,P279,Q2648051
Q182722,P461,Q62955
Q62955,P461,Q182722
Q1337691,P1269,Q4402708
Q342306,P1889,Q1199068
Q601401,P361,Q159810
Q601401,P460,Q26643
Q5189153,P460,Q16726223
Q573,P527,Q25235
Q573,P527,Q575
Q573,P361,Q23387
Q659,P461,Q667
Q659,P461,Q679
Q659,P461,Q684
Q659,P1889,Q224360
Q11446,P366,Q7590
Q11446,P1889,Q35872
Q1210094,P279,Q182076
Q11023,P3095,Q81096
Q11023,P2578,Q11650
Q11023,P2578,Q12725
Q11023,P2578,Q385378
Q11023,P2283,Q413
Q13516686,P31,Q151885
Q13516686,P279,Q240673
Q42240,P361,Q336
Q850210,P31,Q101072
Q850210,P279,Q1527264
Q850210,P1889,Q26911
Q16518,P279,Q11446
Q319224,P1535,Q651658
Q11229,P279,Q3481047
Q23387,P2670,Q573
Q23387,P361,Q5151
Q23387,P460,Q30722989
Q11379,P1552,Q11423
Q11432,P527,Q39552
Q11432,P527,Q39297
Q11432,P527,Q11466
Q8148,P460,Q187939
Q42962,P1889,Q127980
Q42962,P1889,Q22656
Q42962,P1382,Q127980
Q42962,P1382,Q22656
Q39552,P4934,Q11402
Q39552,P4934,Q11500
Q309314,P1269,Q12453
Q731112,P527,Q1416898
Q126017,P279,Q36253
Q82799,P279,Q3695082
Q82799,P279,Q8171
Q82799,P361,Q315
Q244696,P279,Q8142
Q11035,P279,Q11019
Q128430,P279,Q3707571
Q4290,P279,Q1369832
Q4290,P3095,Q557880
Q160117,P279,Q43845
Q140686,P2389,Q865588
Q188572,P461,Q3962655
Q188572,P279,Q42848
Q344,P279,Q11471
Q344,P155,Q193168
Q344,P361,Q11471
Q344,P461,Q192630
Q3222002,P2670,Q133346
Q61022630,P460,Q599151
Q878352,P279,Q34394
Q878352,P1552,Q13649246
Q2526135,P1889,Q10566551
Q2526135,P1552,Q2251595
Q2526135,P3712,Q10566551
Q194189,P31,Q151885
Q194189,P279,Q601401
Q194189,P461,Q1369832
Q194189,P361,Q39809
Q194189,P361,Q159810
Q194189,P361,Q601401
Q173253,P366,Q160402
Q173253,P1889,Q205555
Q283,P361,Q2095
Q11427,P527,Q677
Q11427,P462,Q42519
Q1420,P527,Q44167
Q1420,P527,Q2207370
Q1420,P618,Q39558
Q1420,P618,Q12725
Q1420,P366,Q7590
Q1420,P366,Q334401
Q1420,P1542,Q61509
Q2995529,P527,Q12117
Q3565868,P361,Q7590
Q706622,P31,Q151885
Q706622,P1382,Q4503831
Q706622,P527,Q4503831
Q10289,P279,Q987767
Q10289,P129,Q40050
Q10289,P186,Q287
Q10289,P186,Q11427
Q10289,P186,Q11474
Q93288,P279,Q321839
Q93288,P279,Q49848
Q93288,P1542,Q2648051
Q9128,P2579,Q14620
Q1247368,P31,Q80071
Q954124,P31,Q4830453
Q43229,P527,Q10756188
Q26911,P279,Q2995644
Q26911,P527,Q850210
Q26911,P527,Q240673
Q11422,P366,Q11410
Q4116214,P361,Q43015
Q4116214,P3095,Q326653
Q41263,P279,Q43015
Q179289,P361,Q8078
Q3196,P828,Q133235
Q3196,P1536,Q210064
Q42501,P279,Q79529
Q42501,P1552,Q133235
Q12823105,P279,Q180516
Q12823105,P361,Q43229
Q10870555,P279,Q732577
Q10870555,P279,Q49848
Q5551716,P279,Q240673
Q319608,P279,Q82799
Q1308239,P425,Q601401
Q1308239,P279,Q215627
Q1308239,P2868,Q1148747
Q196751,P361,Q187939
Q1311,P155,Q1314
Q1311,P461,Q1313
Q1311,P279,Q24384
Q16502,P31,Q151885
Q571,P186,Q11472
Q571,P279,Q49848
Q571,P279,Q732577
Q571,P366,Q199657
Q1913301,P279,Q235352
Q1400881,P1552,Q6498684
Q250058,P31,Q151885
Q5410500,P461,Q34302
Q5410500,P279,Q34394
Q211364,P279,Q6671777
Q1196645,P279,Q2472587
Q1196645,P279,Q215627
Q178506,P111,Q39297
Q49845,P279,Q7590
Q42848,P1889,Q9081
Q42848,P279,Q11028
Q81096,P425,Q11023
Q22656,P527,Q39558
Q11707,P366,Q41958
Q11707,P361,Q41958
Q167037,P279,Q783794
Q167037,P461,Q728646
Q218846,P1889,Q4830453
Q178706,P279,Q43229
Q2472587,P460,Q6266
Q2472587,P1889,Q6266
Q319622,P279,Q1527264
Q10756188,P361,Q43229
Q10756188,P279,Q1400881
Q736,P31,Q6256
Q736,P530,Q77
Q736,P530,Q96
Q736,P122,Q7270
Q39809,P361,Q4830453
Q39809,P361,Q159810
Q39809,P1269,Q194189
Q39809,P527,Q37038
Q39809,P527,Q160151
Q6266,P460,Q2472587
Q6266,P1889,Q2472587
Q1156854,P279,Q211364
Q1156854,P31,Q1371819
Q265158,P279,Q1379672
Q3236990,P279,Q215627
Q2994387,P460,Q15978655
Q2994387,P279,Q15978655
Q11451,P279,Q8148
Q11451,P3095,Q131512
Q12132,P279,Q58778
Q385378,P1056,Q41176
Q385378,P3095,Q42973
Q385378,P2579,Q11023
Q902410,P461,Q428148
Q40231,P279,Q189760
Q1314,P155,Q1313
Q1314,P156,Q1311
Q1314,P279,Q24384
Q1314,P2922,Q110
Q708,P462,Q42519
Q41273,P4934,Q11423
Q11474,P279,Q79529
Q11474,P279,Q214609
Q2835558,P31,Q4830453
Q2835558,P31,Q22687
Q13649246,P279,Q9492
Q13649246,P1382,Q34302
Q30722989,P361,Q23387
Q30722989,P460,Q23387
Q41176,P527,Q35473
Q41176,P527,Q221706
Q41176,P527,Q217164
Q41176,P527,Q36794
Q221706,P361,Q41176
Q221706,P461,Q217164
Q12725,P279,Q11379
Q23640,P527,Q173253
Q23640,P527,Q37017
Q2251595,P361,Q2526135
Q3695082,P279,Q9081
Q3695082,P279,Q11028
Q3695082,P460,Q80071
Q7590,P366,Q61509
Q7590,P121,Q42889
Q7590,P279,Q79782
Q174834,P279,Q780687
Q398,P31,Q6256
Q398,P706,Q7204
Q398,P361,Q7204
Q39911,P361,Q578
Q8436,P279,Q178706
Q8436,P527,Q8441
Q8436,P527,Q467
Q557880,P425,Q4290
Q557880,P279,Q43845
Q7748,P1889,Q49371
Q7748,P3095,Q16533
Q7748,P3095,Q40348
Q11426,P279,Q214609
Q1368,P1889,Q8142
Q1368,P366,Q1148747
Q1368,P366,Q601401
Q82794,P279,Q2221906
Q82794,P1552,Q11500
Q82794,P1889,Q2221906
Q428148,P461,Q902410
Q428148,P31,Q151885
Q42889,P279,Q11019
Q42889,P279,Q987767
Q42889,P366,Q7590
Q42889,P361,Q4323994
Q42973,P279,Q5322166
Q11402,P4934,Q41273
Q2516951,P279,Q39809
Q2827815,P31,Q151885
Q2406150,P31,Q151885
Q177923,P279,Q194189
Q220788,P461,Q872745
Q309100,P1889,Q7216332
Q309100,P1889,Q1371819
Q309100,P1056,Q1371819
Q8146,P31,Q8142
Q202785,P279,Q1949963
Q1867977,P279,Q83405
Q476300,P461,Q380962
Q476300,P1889,Q1178401
Q476300,P31,Q1139327
Q987767,P279,Q39546
Q987767,P1552,Q39297
Q200266,P1478,Q33767
Q44782,P1889,Q283202
Q191118,P111,Q11423
Q170984,P31,Q80071
Q1072,P703,Q729
Q37507,P186,Q287
Q37507,P279,Q39546
Q187939,P31,Q8148
Q651658,P279,Q7590
Q651658,P361,Q159810
Q7397,P361,Q68
Q1401706,P279,Q202875
Q257022,P460,Q2850854
Q836925,P279,Q10870555
Q22855,P1542,Q192270
Q182076,P279,Q189539
Q182076,P279,Q3196867
Q11019,P279,Q39546
Q11019,P101,Q11023
Q7727,P361,Q25235
Q192270,P437,Q22855
Q192270,P279,Q1369832
Q192270,P828,Q22855
Q52389,P1535,Q179073
Q289,P279,Q15078788
Q245962,P361,Q11023
Q11032,P279,Q43229
Q11032,P279,Q4830453
Q1184065,P279,Q43229
Q7722,P461,Q283102
Q7722,P461,Q7725
Q7722,P361,Q573
Q7722,P155,Q575
Q7644488,P279,Q215536
Q656365,P1889,Q192581
Q656365,P279,Q8148
Q17110160,P31,Q4830453
Q185451,P279,Q1371819
Q185451,P1535,Q450
Q424543,P527,Q9081
Q157165,P31,Q151885
Q157165,P461,Q157470
Q11563,P279,Q309314
Q481609,P461,Q21255975
Q481609,P1382,Q15098235
Q6498684,P460,Q1400881
Q6498684,P828,Q601401
Q1416898,P279,Q731112
Q12876,P31,Q728
Q1403377,P279,Q1368
Q1403377,P31,Q8142
Q27686,P279,Q4830453
Q44497,P31,Q11023
Q44497,P279,Q8148
Q946865,P1889,Q796919
Q3647770,P2959,Q1416898
Q215627,P279,Q795052
Q11469,P279,Q214609
Q11469,P31,Q214609
Q81292,P111,Q11500
Q6502154,P279,Q61509
Q104493,P279,Q1202245
Q104493,P279,Q13649246
Q104493,P1552,Q9492
Q104493,P1552,Q1775867
Q104493,P1552,Q13649246
Q253623,P279,Q732577
Q614806,P279,Q11460
Q2397485,P366,Q2526135
Q2476929,P279,Q7748
Q37017,P527,Q7364
Q37017,P361,Q23640
Q11028,P828,Q174984
Q11028,P1542,Q9081
Q11028,P1889,Q9081
Q198,P527,Q178561
Q788590,P1269,Q2526135
Q788590,P1269,Q174834
Q7995739,P279,Q1368
Q7995739,P31,Q8142
Q7995739,P17,Q43
Q241906,P527,Q11426
Q79529,P2579,Q413
Q193219,P279,Q1414816
Q897,P279,Q11426
Q12147,P31,Q190258
Q131408,P31,Q39546
Q131408,P279,Q39546
Q36402,P461,Q168182
Q36402,P361,Q575
Q36402,P31,Q25235
Q173799,P279,Q8148
Q173799,P366,Q180910
Q44432,P279,Q11379
Q23392,P279,Q283
Q23392,P1269,Q283
Q23392,P186,Q283
Q474200,P31,Q8148
Q474200,P361,Q102066
Q474200,P361,Q11023
Q342551,P279,Q1148747
Q5166129,P279,Q21255975
Q5166129,P1542,Q21255975
Q8386,P279,Q79529
Q8386,P1889,Q12140
Q25235,P527,Q7727
Q25235,P361,Q573
Q16644043,P279,Q49848
Q16644043,P279,Q730920
Q38926,P279,Q11024
Q79719,P279,Q93288
Q872,P279,Q15078788
Q11635,P279,Q43229
Q878070,P31,Q211364
Q1370714,P186,Q287
Q2625603,P279,Q1949963
Q2625603,P279,Q322481
Q42008,P279,Q7748
Q1313,P156,Q1314
Q1313,P461,Q1311
Q1313,P1889,Q24384
Q1313,P279,Q24384
Q2221906,P1889,Q82794
Q131596,P127,Q131512
Q7946,P361,Q8063
Q7946,P279,Q79529
Q7946,P279,Q214609
Q37038,P279,Q11028
Q681615,P279,Q43229
Q5413454,P31,Q4830453
Q5413454,P17,Q33
Q5413454,P452,Q43015
Q16917,P279,Q178706
Q23856,P279,Q11422
Q2876213,P279,Q11023
Q2876213,P279,Q8148
Q2876213,P31,Q8148
Q43261,P1552,Q126017
Q207822,P279,Q987767
Q41487,P361,Q7748
Q41487,P1889,Q7748
Q41,P530,Q43
Q41,P530,Q902
Q41,P530,Q928
Q41,P530,Q20
Q41,P530,Q96
Q41,P530,Q142
Q41,P530,Q31
Q41,P530,Q33
Q41,P47,Q43
Q41,P463,Q41550
Q41,P31,Q6256
Q728646,P461,Q167037
Q126793,P279,Q601401
Q126793,P461,Q220695
Q29142,P279,Q83267
Q4202277,P1535,Q7188
Q9081,P279,Q492
Q9081,P1889,Q11028
Q9081,P1889,Q42848
Q9081,P1382,Q46744
Q9081,P1382,Q164359
Q360936,P31,Q4830453
Q192581,P1889,Q656365
Q4168959,P279,Q83405
Q34302,P1382,Q13649246
Q34302,P1552,Q13649246
Q34302,P1889,Q34394
Q42519,P279,Q9128
Q3947,P527,Q35473
Q3947,P527,Q36794
Q3947,P527,Q180516
Q3947,P527,Q217164
Q3947,P366,Q7743
Q80831,P186,Q670
Q80831,P186,Q663
Q80831,P186,Q753
Q11456,P279,Q214609
Q1120961,P31,Q151885
Q928,P530,Q15180
Q928,P530,Q43
Q928,P530,Q96
Q928,P530,Q41
Q928,P530,Q902
Q928,P31,Q6256
Q928,P122,Q7270
Q504703,P361,Q8434
Q49371,P3095,Q4175034
Q872745,P461,Q220788
Q758,P279,Q214609
Q15290,P279,Q211364
Q660651,P279,Q49848
Q11472,P366,Q735
Q11472,P366,Q207822
Q956,P31,Q515
Q908656,P279,Q1775867
Q214339,P527,Q2648051
Q52946,P461,Q9510
Q52946,P279,Q11024
Q52946,P366,Q11024
Q83323,P366,Q11451
Q83323,P279,Q79529
Q515,P279,Q177634
Q515,P1889,Q3957
Q515,P3729,Q3957
Q3548078,P31,Q4830453
Q575,P527,Q36402
Q575,P156,Q7722
Q575,P361,Q573
Q178561,P361,Q198
Q178561,P279,Q650711
Q203607,P31,Q8142
Q2207370,P279,Q14745
Q131734,P279,Q4830453
Q131734,P1056,Q44
Q131734,P1889,Q187456
Q869095,P1056,Q44
Q869095,P279,Q187939
Q869095,P31,Q8148
Q869095,P3095,Q131734
Q194166,P279,Q43229
Q41298,P279,Q43229
Q40843,P279,Q80071
Q716894,P2670,Q1400881
Q716894,P1382,Q157171
Q716894,P279,Q93288
Q328554,P31,Q151885
Q5090,P279,Q12117
Q5090,P279,Q235352
Q5090,P527,Q41534
Q10949665,P279,Q326653
Q10949665,P425,Q181487
Q8078,P527,Q179289
Q8078,P31,Q336
Q180846,P279,Q1295201
Q326653,P425,Q4116214
Q1630279,P1889,Q690194
Q156223,P279,Q43183
Q15978655,P460,Q2994387
Q224617,P279,Q41176
Q336,P1056,Q9081
Q157470,P31,Q151885
Q157470,P461,Q157165
Q177,P527,Q42962
Q177,P527,Q11254
Q177,P1419,Q17278
Q14761450,P279,Q4175034
Q28823,P279,Q214609
Q28823,P186,Q161
Q28823,P366,Q11460
Q628523,P279,Q11028
Q628523,P366,Q11024
Q628523,P1552,Q1530061
Q796919,P1889,Q946865
Q4750689,P31,Q4830453
Q2785824,P279,Q83267
Q34486,P366,Q765633
Q319604,P31,Q215627
Q44167,P279,Q11019
Q21450635,P460,Q30242516
Q218038,P31,Q4830453
Q218038,P452,Q11650
Q11460,P186,Q28823
Q11460,P366,Q2526135
Q1121708,P279,Q2995644
Q740777,P361,Q39809
Q740777,P527,Q37038
Q15098235,P1382,Q481609
Q59434791,P279,Q49848
Q59434791,P366,Q194489
Q131512,P425,Q11451
Q131512,P1830,Q131596
Q15180,P47,Q33
Q15180,P47,Q43
Q15180,P530,Q20
Q15180,P530,Q43
Q15180,P530,Q928
Q15180,P138,Q7270
Q45190,P31,Q131790
Q3962655,P461,Q188572
Q165,P279,Q2221906
Q603253,P31,Q4830453
Q603253,P1454,Q658255
Q39558,P31,Q42501
Q43483,P1889,Q483453
Q1200733,P461,Q4290
Q282,P366,Q40050
Q380075,P279,Q40348
Q380075,P460,Q40348
Q327245,P279,Q43229
Q40763,P279,Q2095
Q788790,P279,Q11028
Q505213,P279,Q83405
Q505213,P279,Q4830453
Q11410,P279,Q173799
Q177634,P279,Q43229
Q7743,P279,Q41176
Q7743,P279,Q3947
Q190868,P279,Q161928
Q172226,P279,Q39546
Q35758,P1552,Q11423
Q35758,P1552,Q11466
Q7925,P279,Q11663
Q7925,P527,Q283
Q690194,P1889,Q1630279
Q164359,P279,Q9081
Q164359,P1382,Q46744
Q164359,P1382,Q9081
Q25294,P527,Q200266
Q25294,P1552,Q11423
Q25294,P366,Q385378
Q35852,P111,Q11500
Q789774,P279,Q44167
Q22698,P279,Q2221906
Q2138622,P279,Q336
Q2138622,P2578,Q2095
Q4358176,P279,Q43229
Q9964,P527,Q9963
Q43193,P366,Q651658
Q8094,P1269,Q11663
Q4175034,P425,Q49371
Q4175034,P279,Q192581
Q160289,P279,Q160402
Q160289,P31,Q173253
Q160289,P527,Q11461
Q5167661,P279,Q151885
Q8486,P279,Q40050
Q8486,P495,Q96
Q6097,P279,Q61951
Q6097,P527,Q283
Q6097,P186,Q11002
Q6097,P186,Q283
Q765633,P366,Q7590
Q765633,P366,Q650711
Q765633,P366,Q42240
Q765633,P3095,Q2095549
Q13360264,P2079,Q720398
Q40867,P279,Q79529
Q208046,P31,Q46970
Q17131110,P279,Q15978655
Q79782,P1552,Q11376
Q746628,P279,Q180516
Q127980,P279,Q214609
Q1664551,P31,Q151885
Q8016240,P710,Q41487
Q15645384,P279,Q12117
Q15645384,P279,Q2095
Q28207096,P31,Q4830453
Q2974437,P31,Q4830453
Q11247037,P111,Q11423
Q25288,P279,Q11402
Q25288,P828,Q11412
Q25288,P1889,Q11423
Q25288,P4934,Q11423
Q7216332,P279,Q309100
Q7216332,P279,Q748250
Q7216332,P460,Q309100
Q7216332,P1889,Q309100
Q7216332,P1382,Q748250
Q1137632,P31,Q43229
Q121117,P279,Q68
Q9510,P1552,Q468777
Q9510,P31,Q151885
Q9510,P1889,Q10494269
Q1489259,P279,Q6266
Q231043,P279,Q628523
Q7958,P3712,Q46744
Q1634657,P106,Q193391
Q674911,P31,Q4830453
Q179723,P2283,Q729
Q1123417,P279,Q214609
Q28813,P279,Q83267
Q334401,P279,Q2143522
Q334401,P361,Q10566551
Q234129,P31,Q8142
Q174984,P279,Q42848
Q174984,P1542,Q11028
Q50000,P279,Q2995644
Q192630,P279,Q11471
Q192630,P156,Q193168
Q192630,P361,Q11471
Q192630,P31,Q173253
Q192630,P461,Q344
Q134574,P279,Q39546
Q134574,P279,Q11019
Q4182927,P279,Q160117
Q129238,P279,Q4830453
Q131841,P361,Q9420
Q131841,P279,Q151885
Q131841,P460,Q151885
Q12140,P279,Q8386
Q12140,P1889,Q8386
Q431289,P279,Q167270
Q283202,P279,Q39594
Q283202,P1889,Q44782
Q82604,P3095,Q5322166
Q5322166,P425,Q82604
Q6821213,P461,Q194489
Q677,P279,Q12140
Q677,P31,Q11426
Q12117,P279,Q2995529
Q188577,P31,Q211364
Q24091434,P279,Q2979
Q186619,P279,Q628523
Q186619,P3712,Q1231428
Q168182,P461,Q36402
Q168182,P361,Q573
Q168182,P156,Q283102
Q7270,P279,Q7174
Q192628,P279,Q10990
Q1123399,P31,Q4830453
Q8441,P461,Q467
Q8441,P361,Q8436
Q483453,P1889,Q43483
Q163446,P527,Q28823
Q1459595,P31,Q4830453
Q8425,P31,Q151885
Q133346,P1889,Q1355821
Q584,P31,Q1267889
Q584,P17,Q142
Q584,P205,Q142
Q4022,P527,Q283
Q697279,P279,Q49848
Q1123823,P31,Q22687
Q1123823,P31,Q4830453
Q1123823,P17,Q33
Q193078,P279,Q481609
Q193078,P828,Q171558
Q7944,P1542,Q167903
Q7944,P1542,Q3839081
Q1096,P279,Q11426
Q1096,P31,Q79529
Q1282130,P31,Q4830453
Q1282130,P1056,Q22656
Q7204,P31,Q82794
Q727002,P31,Q49848
Q727002,P31,Q93288
Q34394,P1889,Q34302
Q1041750,P31,Q167270
Q1041750,P31,Q44
Q1041750,P31,Q131734
Q1041750,P452,Q869095
Q1041750,P1056,Q44
Q171558,P1542,Q193078
Q171558,P1542,Q4
Q26643,P921,Q601401
Q26643,P460,Q601401
Q25653,P279,Q11446
Q194489,P279,Q1344851
Q10566551,P461,Q104493
Q10566551,P1552,Q190258
Q10566551,P1889,Q2526135
Q93352,P279,Q468756
Q36794,P279,Q264661
Q36794,P527,Q35473
Q193168,P156,Q344
Q193168,P155,Q192630
Q193168,P361,Q11471
Q167903,P828,Q7944
Q3957,P361,Q6256
Q3957,P1889,Q515
Q3957,P279,Q177634
Q3957,P3730,Q515
Q500251,P279,Q43845
Q191086,P279,Q82794
Q828224,P111,Q36253
Q11457,P279,Q161
Q11457,P31,Q161
Q161,P279,Q214609
Q161,P366,Q28823
Q11573,P111,Q36253
Q11573,P111,Q126017
Q218593,P111,Q36253
Q1267889,P276,Q4022
Q1267889,P276,Q12284
Q1267889,P276,Q23397
Q11423,P1552,Q122508
Q11423,P1552,Q11379
Q11423,P361,Q11402
Q11423,P1889,Q25288
Q11423,P1542,Q11402
Q829492,P279,Q601401
Q7414,P1056,Q7397
Q7390,P366,Q52946
Q7390,P366,Q27939
Q1566,P527,Q33971
Q1566,P1535,Q1578
Q102066,P279,Q9081
Q28575,P150,Q515
Q830036,P31,Q8148
Q830036,P279,Q1369832
Q7108,P279,Q11016
Q4,P461,Q3
Q4,P361,Q3
Q194105,P460,Q3972943
Q217164,P461,Q221706
Q27318,P279,Q1379672
Q40050,P279,Q11435
Q40050,P279,Q2095
Q22676,P279,Q161928
Q181114,P452,Q190117
Q181114,P1056,Q43193
Q181114,P1056,Q1420
Q181114,P199,Q30113
Q181114,P355,Q30113
Q1751574,P527,Q3196867
Q595094,P461,Q10861465
Q216774,P31,Q151885
Q16886469,P279,Q151885
Q10990,P279,Q2095
Q178559,P279,Q2095
Q902,P530,Q41
Q902,P530,Q43
Q902,P530,Q928
Q902,P530,Q842
Q902,P530,Q96
Q902,P530,Q32
Q902,P530,Q142
Q902,P31,Q6256
Q14660,P279,Q806880
Q14660,P180,Q6256
Q1641044,P31,Q4830453
Q1641044,P1056,Q42501
Q573103,P31,Q4830453
Q573103,P159,Q1715
Q79871,P461,Q44619
Q1425316,P31,Q4830453
Q694468,P31,Q4830453
Q3972943,P1056,Q732577
Q3972943,P460,Q194105
Q11412,P1542,Q25288
Q1445650,P279,Q573
Q253276,P111,Q36253
Q10861465,P461,Q595094
Q309,P1269,Q192630
Q30113,P31,Q431289
Q30113,P31,Q4830453
Q30113,P749,Q181114
Q30113,P452,Q190117
Q30113,P1454,Q658255
Q663,P279,Q12140
Q663,P31,Q214609
Q222749,P31,Q735
Q48674256,P31,Q11424
Q373085,P279,Q599151
Q4503831,P279,Q706622
Q4503831,P1382,Q706622
Q241625,P279,Q775842
Q1509038,P31,Q4830453
Q152051,P31,Q4830453
Q152051,P452,Q11474
Q165074,P366,Q12453
Q4994426,P31,Q4830453
Q346504,P460,Q223894
Q7841232,P31,Q4830453
Q7841232,P452,Q190117
Q1364,P527,Q40763
Q8492,P279,Q40050
Q8492,P527,Q11004
Q8492,P31,Q11435
Q44,P1071,Q131734
Q44,P527,Q283
Q1578,P527,Q1566
Q1578,P2283,Q1566
Q1578,P186,Q1566
Q6537379,P279,Q349
Q6537379,P279,Q219067
Q215536,P279,Q43845
Q215536,P425,Q601401
Q40348,P425,Q7748
Q40348,P460,Q380075
Q37260,P279,Q11024
Q37260,P366,Q11024
Q1295201,P279,Q4830453
Q180910,P527,Q173799
Q18545,P279,Q11422
Q48013,P111,Q11423
Q491774,P279,Q39297
Q476118,P279,Q43183
Q476118,P279,Q4830453
Q123705,P361,Q515
Q1651946,P31,Q4830453
Q7725,P361,Q573
Q7725,P155,Q283102
Q7725,P461,Q7722
Q152,P279,Q729
Q241741,P361,Q7860
Q2095549,P425,Q765633
Q105674,P279,Q349
Q578,P527,Q39911
Q578,P111,Q11471
Q207326,P279,Q2221906
Q207326,P361,Q8502
Q456,P17,Q142
Q740732,P279,Q161928
Q4850064,P31,Q515
Q4850064,P17,Q736
Q482798,P111,Q36253
Q190132,P279,Q79782
Q507154,P31,Q4830453
Q507154,P1056,Q12140
Q448042,P31,Q4830453
Q246,P31,Q431289
Q246,P31,Q4830453
Q246,P452,Q190117
Q80071,P279,Q3695082
Q80071,P279,Q478798
Q80071,P460,Q3695082
Q181912,P31,Q46970
Q31,P530,Q32
Q31,P530,Q142
Q31,P530,Q43
Q31,P530,Q77
Q31,P530,Q96
Q31,P530,Q41
Q31,P463,Q41550
Q31,P47,Q32
Q31,P47,Q142
Q31,P31,Q43702
Q31,P31,Q6256
Q3517315,P31,Q4830453
Q3517315,P159,Q340
Q8502,P279,Q2221906
Q8502,P527,Q207326
Q960876,P31,Q4830453
Q960876,P1056,Q7397
Q11002,P279,Q2095
Q1780382,P31,Q4830453
Q157171,P279,Q93288
Q7915946,P31,Q4830453
Q48739587,P31,Q167037
Q6746,P452,Q190117
Q6746,P17,Q142
Q6746,P1056,Q1420
Q753,P279,Q214609
Q753,P279,Q12140
Q753,P279,Q11426
Q1006,P31,Q6256
Q1006,P122,Q7270
Q36074,P31,Q133156
Q687687,P31,Q4830453
Q687687,P452,Q190117
Q687687,P17,Q142
Q264238,P279,Q41298
Q27143,P31,Q4830453
Q27143,P452,Q190117
Q83405,P361,Q4830453
Q1255828,P279,Q179875
Q15030582,P31,Q4830453
Q666948,P31,Q4830453
Q666948,P452,Q11451
Q728,P279,Q39546
Q212322,P452,Q7108
Q212322,P1056,Q12140
Q5059055,P31,Q4830453
Q5059055,P452,Q418
Q187456,P1889,Q131734
Q151885,P460,Q131841
Q151885,P1552,Q1128596
Q151885,P1889,Q131841
Q215414,P279,Q214609
Q667,P461,Q659
Q667,P461,Q684
Q667,P461,Q679
Q201097,P279,Q987767
Q201097,P186,Q287
Q201097,P186,Q11474
Q842,P31,Q6256
Q842,P530,Q902
Q842,P361,Q7204
Q207946,P1889,Q273088
Q127418,P279,Q1570182
Q127418,P366,Q37260
Q127418,P366,Q93184
Q127418,P366,Q11034
Q177882,P31,Q8142
Q1129100,P31,Q3196867
Q66,P31,Q4830453
Q3051909,P31,Q4830453
Q3051909,P452,Q126793
Q249,P279,Q418
Q221692,P31,Q4830453
Q194297,P31,Q167270
Q194297,P31,Q4830453
Q194297,P31,Q44
Q61509,P279,Q79782
Q58964,P366,Q890886
Q58964,P31,Q39546
Q18335,P361,Q413
Q18335,P2579,Q413
Q6473773,P31,Q4830453
Q516739,P279,Q4323994
Q516739,P279,Q7590
Q516739,P121,Q34442
Q1511,P735,Q1249148
Q188675,P361,Q93288
Q188675,P361,Q131569
Q5530392,P31,Q4830453
Q1156,P31,Q515
Q178843,P279,Q8142
Q46744,P1382,Q9081
Q46744,P1382,Q164359
Q1124733,P279,Q35140
Q748250,P1382,Q7216332
Q5177565,P31,Q4830453
Q720398,P2283,Q44432
Q720398,P276,Q274393
Q14076,P186,Q131877
Q10675206,P279,Q214609
Q467,P461,Q8441
Q11650,P31,Q8148
Q11650,P2579,Q11023
Q1740314,P31,Q4830453
Q1740314,P31,Q22687
Q910368,P31,Q4830453
Q37901,P279,Q1267889
Q131569,P279,Q321839
Q131569,P279,Q49848
Q2047030,P279,Q282
Q33,P530,Q142
Q33,P530,Q20
Q33,P530,Q43
Q33,P530,Q96
Q33,P530,Q41
Q33,P463,Q41550
Q33,P47,Q20
Q33,P47,Q15180
Q33,P31,Q6256
Q1282031,P31,Q4830453
Q203567,P31,Q8142
Q167270,P279,Q3695082
Q167270,P279,Q80071
Q77,P122,Q7270
Q77,P530,Q142
Q77,P530,Q96
Q77,P530,Q736
Q77,P530,Q31
Q77,P31,Q6256
Q191830,P279,Q8142
Q586,P190,Q34217
Q586,P31,Q515
Q586,P17,Q142
Q586,P206,Q584
Q1645436,P31,Q4830453
Q1645436,P31,Q658255
Q1645436,P1056,Q11422
Q125191,P279,Q49848
Q216353,P279,Q82799
Q216353,P279,Q618779
Q841571,P279,Q215627
Q1141162,P31,Q4830453
Q1231428,P279,Q11024
Q12453,P279,Q791801
Q35886,P452,Q190117
Q1341387,P279,Q4830453
Q161439,P279,Q8148
Q4539,P279,Q783794
Q4539,P1557,Q380962
Q5611697,P31,Q4830453
Q5611697,P452,Q11451
Q10564271,P279,Q83323
Q17147,P703,Q729
Q1776022,P31,Q4830453
Q1776022,P17,Q20
Q1776022,P1056,Q22656
Q726654,P31,Q4830453
Q190928,P452,Q474200
Q190928,P279,Q4830453
Q837281,P17,Q142
Q837281,P361,Q1313
Q837281,P138,Q213753
Q133235,P1542,Q3196
Q34217,P190,Q586
Q34217,P421,Q30192
Q1422061,P31,Q131734
Q1422061,P31,Q4830453
Q1422061,P1056,Q44
Q7364,P366,Q162668
Q721587,P279,Q11024
Q721587,P31,Q49845
Q721587,P452,Q49845
Q152057,P31,Q4830453
Q152057,P1056,Q22656
Q679,P461,Q684
Q679,P461,Q667
Q679,P461,Q659
Q1530061,P279,Q9492
Q878249,P279,Q43229
Q32,P530,Q142
Q32,P530,Q31
Q32,P530,Q902
Q32,P463,Q41550
Q32,P47,Q142
Q32,P47,Q31
Q32,P31,Q6256
Q1470870,P31,Q4830453
Q81009,P361,Q11024
Q880268,P452,Q22687
Q880268,P1454,Q783794
Q35473,P366,Q210064
Q35473,P186,Q11469
Q388338,P425,Q10756188
Q388338,P279,Q43845
Q9401,P31,Q4830453
Q9401,P1056,Q11474
Q9401,P138,Q83405
Q1027218,P31,Q167270
Q7398895,P31,Q4830453
Q7398895,P452,Q43183
Q96,P463,Q41550
Q96,P31,Q6256
Q96,P530,Q20
Q96,P530,Q43
Q96,P530,Q77
Q96,P530,Q928
Q96,P530,Q142
Q96,P530,Q31
Q96,P530,Q33
Q96,P530,Q736
Q96,P530,Q41
Q96,P530,Q902
Q177232,P461,Q7566
Q4590598,P31,Q23392
Q15788,P279,Q8142
Q12791,P527,Q200266
Q460307,P31,Q4830453
Q460307,P452,Q207822
Q654182,P1269,Q14620
Q654182,P1269,Q413
Q654182,P1269,Q11461
Q1715,P190,Q340
Q1715,P31,Q515
Q2105,P106,Q599151
Q2105,P27,Q142
Q2105,P39,Q140686
Q30242516,P460,Q21450635
Q160493,P31,Q515
Q6147804,P186,Q28823
Q5074237,P279,Q5551716
Q3395383,P366,Q11451
Q17278,P1552,Q36253
Q412826,P31,Q4830453
Q484830,P279,Q601401
Q384475,P31,Q151885
Q726686,P361,Q730920
Q6515782,P31,Q40050
Q174219,P279,Q214609
Q174219,P279,Q8148
Q684,P461,Q679
Q684,P461,Q659
Q684,P461,Q667
Q377915,P31,Q4830453
Q1713,P279,Q121769
Q2246923,P31,Q4830453
Q132911,P279,Q11019
Q340,P190,Q1715
Q1355821,P279,Q183366
Q1355821,P1889,Q133346
Q1110323,P31,Q4830453
Q1110323,P452,Q126793
Q205555,P279,Q160402
Q205555,P527,Q328835
Q205555,P1889,Q173253
Q9430,P279,Q2221906
Q379813,P279,Q40763
Q379813,P279,Q11004
Q379813,P279,Q2095
Q895392,P31,Q4830453
Q14934005,P279,Q11472
Q14934005,P31,Q214609
Q17149955,P279,Q11446
Q5675052,P31,Q4830453
Q142,P530,Q32
Q142,P530,Q33
Q142,P530,Q31
Q142,P530,Q20
Q142,P530,Q43
Q142,P530,Q77
Q142,P530,Q96
Q142,P530,Q41
Q142,P530,Q902
Q142,P463,Q41550
Q142,P47,Q31
Q142,P47,Q32
Q142,P31,Q7270
Q142,P31,Q6256
Q142,P35,Q2105
Q5546426,P31,Q4830453
Q5132340,P31,Q4830453
Q11254,P31,Q10675206
Q12959,P106,Q188094
Q12959,P27,Q142
Q10494269,P279,Q1400881
Q2580010,P31,Q431289
Q220695,P279,Q601401
Q220695,P461,Q126793
Q2562491,P31,Q4830453
Q2578692,P279,Q177634
Q14620,P361,Q413
Q14620,P2578,Q9128
Q667790,P17,Q31
Q256020,P279,Q11707
Q16726223,P460,Q5189153
Q679322,P31,Q4830453
Q679322,P1056,Q22656
Q1783748,P31,Q4830453
Q1783748,P452,Q190117
Q2595760,P31,Q4830453
Q652698,P186,Q11457
Q638,P279,Q735
Q638,P279,Q173799
Q638,P279,Q11461
Q638,P527,Q11461
Q1570182,P279,Q214609
Q125356,P31,Q39546
Q2031726,P31,Q22687
Q2031726,P31,Q4830453
Q503592,P31,Q4830453
Q503592,P31,Q431289
Q79007,P279,Q34442
Q79007,P361,Q319608
Q79007,P527,Q34442
Q182290,P452,Q601401
Q1347679,P31,Q4830453
Q1347679,P452,Q11650
Q43,P122,Q7270
Q43,P530,Q41
Q43,P530,Q15180
Q43,P530,Q142
Q43,P530,Q31
Q43,P530,Q33
Q43,P530,Q96
Q43,P530,Q928
Q43,P530,Q902
Q43,P463,Q41550
Q43,P47,Q41
Q43,P47,Q15180
Q43,P31,Q6256
Q43,P361,Q7204
Q39619,P106,Q16533
Q274393,P279,Q4830453
Q1044291,P1056,Q11424
Q130591,P31,Q8502
Q1323379,P17,Q20
Q20,P530,Q96
Q20,P530,Q15180
Q20,P530,Q33
Q20,P530,Q142
Q20,P530,Q41
Q20,P463,Q41550
Q20,P47,Q33
Q20,P138,Q659
Q20,P138,Q34442
Q20,P31,Q6256
Q19675,P17,Q142
Q19675,P2851,Q693464
Q19675,P921,Q735
Q2850854,P460,Q257022
