entity1,relations,entity2
Q1323314,P279,Q987767
Q379813,P279,Q40763
Q379813,P279,Q11004
Q379813,P279,Q2095
Q34172,P527,Q127980
Q926028,P31,Q8142
Q8142,P279,Q1368
Q8142,P1889,Q1368
Q182722,P461,Q62955
Q131512,P425,Q11451
Q44782,P1889,Q283202
Q265158,P279,Q1379672
Q651658,P279,Q7590
Q651658,P361,Q159810
Q23387,P2670,Q573
Q23387,P361,Q5151
Q23387,P460,Q30722989
Q577,P527,Q5151
Q783794,P279,Q43229
Q783794,P460,Q4830453
Q381136,P31,Q214339
Q381136,P1382,Q557880
Q68,P527,Q7397
Q240673,P361,Q159810
Q240673,P31,Q151885
Q1371819,P180,Q344
Q1371819,P1889,Q309100
Q1371819,P828,Q309100
Q1369832,P31,Q151885
Q1369832,P279,Q601401
Q1369832,P2079,Q39809
Q1369832,P461,Q194189
Q780687,P279,Q321839
Q58778,P279,Q6671777
Q46737,P279,Q1554231
Q189539,P1552,Q309314
Q189539,P1535,Q157470
Q189539,P1535,Q157165
Q8161,P279,Q7748
Q2995644,P1269,Q179289
Q637776,P279,Q83405
Q21255975,P461,Q481609
Q8495,P279,Q2095
Q8495,P279,Q40050
Q8495,P462,Q23444
Q8495,P527,Q8054
Q8495,P527,Q127980
Q170584,P31,Q151885
Q170584,P1552,Q4503831
Q170584,P1552,Q327245
Q11004,P279,Q756
Q11004,P279,Q2095
Q11004,P527,Q283
Q753,P279,Q214609
Q753,P279,Q12140
Q753,P279,Q11426
Q8805,P31,Q151885
Q693464,P279,Q1368
Q5151,P361,Q577
Q4830453,P460,Q783794
Q4830453,P279,Q43229
Q3,P461,Q4
Q3,P527,Q4
Q7743,P279,Q41176
Q7743,P279,Q3947
Q7743,P1889,Q3947
Q7748,P1889,Q49371
Q7748,P3095,Q16533
Q7748,P3095,Q40348
Q519076,P279,Q160117
Q194189,P31,Q151885
Q194189,P279,Q601401
Q194189,P461,Q1369832
Q194189,P361,Q39809
Q194189,P361,Q159810
Q194189,P361,Q601401
Q194189,P3095,Q1762621
Q1368,P1889,Q8142
Q1368,P366,Q1148747
Q1368,P366,Q601401
Q315,P361,Q11024
Q315,P1552,Q1308274
Q8486,P279,Q40050
Q8486,P495,Q96
Q22855,P1542,Q192270
Q6256,P527,Q183366
Q7725,P361,Q573
Q7725,P155,Q283102
Q7725,P461,Q7722
Q283102,P155,Q168182
Q283102,P461,Q7722
Q283102,P361,Q573
Q283102,P156,Q7725
Q14083,P1269,Q8142
Q14083,P279,Q8142
Q2920921,P1269,Q43229
Q2920921,P2079,Q309100
Q599151,P460,Q61022630
Q45701,P279,Q214609
Q42848,P1889,Q9081
Q42848,P279,Q11028
Q62955,P461,Q182722
Q11002,P279,Q2095
Q11247037,P111,Q11423
Q25288,P279,Q11402
Q25288,P828,Q11412
Q25288,P461,Q6497624
Q25288,P1889,Q11423
Q25288,P4934,Q11423
Q381072,P279,Q104493
Q3196867,P279,Q2648051
Q1337691,P1269,Q4402708
Q342306,P1889,Q1199068
Q601401,P361,Q159810
Q601401,P460,Q26643
Q5189153,P460,Q16726223
Q573,P527,Q25235
Q573,P527,Q575
Q573,P361,Q23387
Q659,P461,Q679
Q659,P461,Q684
Q659,P1889,Q224360
Q11446,P366,Q7590
Q11446,P1889,Q35872
Q1210094,P279,Q182076
Q11023,P3095,Q81096
Q11023,P2578,Q11650
Q11023,P2578,Q12725
Q11023,P2578,Q385378
Q11023,P2283,Q413
Q13516686,P31,Q151885
Q13516686,P279,Q240673
Q42240,P361,Q336
Q850210,P31,Q101072
Q850210,P279,Q1527264
Q850210,P1889,Q26911
Q160117,P279,Q43845
Q706622,P31,Q151885
Q706622,P1382,Q4503831
Q706622,P527,Q4503831
Q16518,P279,Q11446
Q319224,P1535,Q651658
Q11229,P279,Q3481047
Q11379,P1552,Q11423
Q11432,P1889,Q39558
Q11432,P527,Q39552
Q11432,P527,Q39297
Q11432,P527,Q11466
Q42962,P1889,Q127980
Q42962,P1889,Q22656
Q42962,P1382,Q127980
Q42962,P1382,Q22656
Q39552,P4934,Q11402
Q39552,P4934,Q11500
Q309314,P1269,Q12453
Q731112,P527,Q1416898
Q11472,P366,Q735
Q11472,P366,Q207822
Q424543,P527,Q9081
Q571,P186,Q11472
Q571,P279,Q49848
Q571,P279,Q732577
Q571,P366,Q199657
Q35473,P366,Q210064
Q35473,P186,Q11469
Q126017,P279,Q36253
Q82799,P279,Q8171
Q82799,P279,Q3695082
Q82799,P361,Q315
Q244696,P279,Q8142
Q11035,P279,Q11019
Q11035,P366,Q131395
Q128430,P279,Q3707571
Q4290,P279,Q1369832
Q4290,P3095,Q557880
Q10870555,P279,Q732577
Q10870555,P279,Q49848
Q182076,P279,Q189539
Q182076,P279,Q3196867
Q202785,P279,Q1949963
Q11457,P279,Q161
Q11457,P31,Q161
Q218593,P111,Q36253
Q2221906,P2579,Q1071
Q2221906,P1889,Q82794
Q36402,P461,Q168182
Q36402,P361,Q575
Q36402,P31,Q25235
Q16502,P31,Q151885
Q16502,P460,Q2
Q222749,P31,Q735
Q178706,P279,Q43229
Q178706,P1889,Q1664720
Q11563,P279,Q309314
Q7590,P366,Q61509
Q7590,P121,Q42889
Q7590,P1889,Q61509
Q7590,P279,Q79782
Q11663,P361,Q8104
Q140686,P2389,Q865588
Q188572,P461,Q3962655
Q188572,P279,Q42848
Q344,P279,Q11471
Q344,P155,Q193168
Q344,P361,Q11471
Q344,P461,Q192630
Q61022630,P460,Q599151
Q878352,P279,Q34394
Q878352,P1552,Q13649246
Q2526135,P1889,Q10566551
Q2526135,P1552,Q2251595
Q2526135,P3712,Q10566551
Q173253,P366,Q160402
Q173253,P1889,Q205555
Q283,P462,Q23444
Q283,P31,Q50690
Q283,P361,Q2095
Q11427,P527,Q677
Q11427,P527,Q623
Q11427,P2079,Q482090
Q11427,P462,Q42519
Q1420,P527,Q44167
Q1420,P527,Q2207370
Q1420,P618,Q39558
Q1420,P618,Q12725
Q1420,P618,Q153
Q1420,P366,Q7590
Q1420,P366,Q334401
Q1420,P1542,Q61509
Q2995529,P527,Q12117
Q3565868,P361,Q7590
Q10289,P279,Q987767
Q10289,P129,Q40050
Q10289,P186,Q287
Q10289,P186,Q11427
Q10289,P186,Q11474
Q93288,P279,Q321839
Q93288,P279,Q49848
Q93288,P1542,Q2648051
Q9128,P2579,Q14620
Q1247368,P31,Q80071
Q954124,P31,Q4830453
Q43229,P527,Q10756188
Q26911,P527,Q850210
Q26911,P527,Q240673
Q26911,P279,Q2995644
Q11422,P366,Q11410
Q4116214,P361,Q43015
Q4116214,P3095,Q326653
Q41263,P279,Q43015
Q179289,P361,Q8078
Q15978655,P460,Q2994387
Q3196,P828,Q133235
Q3196,P1536,Q210064
Q42501,P279,Q79529
Q42501,P1552,Q133235
Q7188,P527,Q35535
Q12823105,P279,Q180516
Q12823105,P361,Q43229
Q5551716,P279,Q240673
Q319608,P279,Q82799
Q1308239,P425,Q601401
Q1308239,P279,Q215627
Q1308239,P2868,Q1148747
Q196751,P361,Q187939
Q1311,P155,Q1314
Q1311,P461,Q1313
Q1311,P279,Q24384
Q1913301,P279,Q235352
Q1400881,P1552,Q6498684
Q250058,P31,Q151885
Q5410500,P461,Q34302
Q5410500,P279,Q34394
Q202875,P279,Q131395
Q289,P279,Q15078788
Q289,P31,Q121359
Q211364,P279,Q6671777
Q1196645,P279,Q2472587
Q1196645,P279,Q215627
Q178506,P111,Q39297
Q188075,P279,Q207822
Q188075,P279,Q987767
Q49845,P279,Q7590
Q7364,P366,Q162668
Q1156854,P279,Q211364
Q1156854,P31,Q1371819
Q9609,P2789,Q1072
Q551997,P279,Q214609
Q551997,P186,Q11427
Q551997,P186,Q753
Q551997,P186,Q663
Q81096,P425,Q11023
Q22656,P527,Q39558
Q11707,P279,Q4830453
Q11707,P366,Q41958
Q11460,P186,Q28823
Q11460,P361,Q12684
Q11460,P366,Q2526135
Q11460,P366,Q12684
Q1314,P155,Q1313
Q1314,P156,Q1311
Q1314,P279,Q24384
Q1314,P2922,Q110
Q39558,P31,Q42501
Q319622,P279,Q1527264
Q12132,P279,Q58778
Q3695082,P279,Q11028
Q3695082,P460,Q80071
Q167037,P279,Q783794
Q167037,P461,Q728646
Q5265697,P21,Q44148
Q218846,P1889,Q4830453
Q2472587,P460,Q6266
Q2472587,P527,Q5
Q2472587,P1889,Q5
Q2472587,P1889,Q6266
Q18545,P279,Q11422
Q180846,P279,Q1295201
Q10756188,P361,Q43229
Q10756188,P279,Q1400881
Q736,P47,Q419
Q736,P31,Q6256
Q736,P530,Q77
Q736,P530,Q833
Q736,P530,Q96
Q736,P122,Q7270
Q39809,P361,Q4830453
Q39809,P361,Q159810
Q39809,P1269,Q194189
Q39809,P527,Q37038
Q39809,P527,Q160151
Q6266,P460,Q2472587
Q6266,P1889,Q2472587
Q3236990,P279,Q215627
Q2994387,P460,Q15978655
Q2994387,P279,Q15978655
Q11451,P3095,Q131512
Q385378,P1056,Q41176
Q385378,P1056,Q121359
Q385378,P3095,Q42973
Q385378,P2579,Q11023
Q902410,P461,Q428148
Q40231,P279,Q189760
Q708,P462,Q42519
Q41273,P4934,Q11423
Q756,P1889,Q764
Q11474,P279,Q79529
Q11474,P279,Q214609
Q2835558,P17,Q419
Q2835558,P31,Q4830453
Q2835558,P31,Q22687
Q13649246,P279,Q9492
Q13649246,P1382,Q34302
Q30722989,P361,Q23387
Q30722989,P460,Q23387
Q41176,P527,Q35473
Q41176,P527,Q221706
Q41176,P527,Q217164
Q41176,P527,Q36794
Q221706,P361,Q41176
Q221706,P461,Q217164
Q12725,P279,Q11379
Q23640,P527,Q173253
Q23640,P527,Q9635
Q23640,P527,Q37017
Q2251595,P31,Q9332
Q2251595,P361,Q2526135
Q3972943,P1056,Q732577
Q3972943,P460,Q194105
Q174834,P279,Q780687
Q174834,P31,Q151885
Q398,P31,Q6256
Q398,P530,Q833
Q398,P706,Q7204
Q398,P361,Q7204
Q39911,P361,Q578
Q8436,P279,Q178706
Q8436,P527,Q8441
Q8436,P527,Q467
Q557880,P425,Q4290
Q557880,P279,Q43845
Q11426,P279,Q214609
Q82794,P279,Q2221906
Q82794,P1552,Q11500
Q82794,P1889,Q2221906
Q428148,P461,Q902410
Q428148,P31,Q151885
Q42889,P279,Q11019
Q42889,P279,Q987767
Q42889,P366,Q7590
Q42889,P361,Q4323994
Q42973,P425,Q385378
Q42973,P279,Q5322166
Q11402,P4934,Q41273
Q2516951,P279,Q39809
Q575,P527,Q36402
Q575,P156,Q7722
Q575,P361,Q573
Q2827815,P31,Q151885
Q2406150,P31,Q151885
Q177923,P279,Q194189
Q220788,P461,Q872745
Q309100,P1889,Q7216332
Q309100,P1889,Q1371819
Q309100,P1056,Q1371819
Q191118,P111,Q11423
Q8146,P31,Q8142
Q663,P279,Q12140
Q663,P31,Q214609
Q663,P186,Q102078
Q1867977,P279,Q83405
Q476300,P461,Q380962
Q476300,P1889,Q1178401
Q476300,P31,Q1139327
Q987767,P279,Q39546
Q987767,P1552,Q39297
Q200266,P1478,Q33767
Q7946,P361,Q8063
Q7946,P279,Q79529
Q7946,P279,Q214609
Q44497,P31,Q11023
Q44497,P3095,Q820037
Q4358176,P279,Q43229
Q25235,P527,Q7727
Q25235,P361,Q573
Q131841,P361,Q9420
Q131841,P279,Q151885
Q131841,P460,Q151885
Q168182,P461,Q36402
Q168182,P361,Q573
Q168182,P156,Q283102
Q7727,P361,Q25235
Q7722,P461,Q283102
Q7722,P461,Q7725
Q7722,P361,Q573
Q7722,P155,Q575
Q83405,P361,Q4830453
Q1474278,P460,Q98539357
Q170984,P31,Q80071
Q1072,P2789,Q9609
Q1072,P703,Q729
Q37507,P186,Q287
Q37507,P279,Q39546
Q4503831,P279,Q706622
Q4503831,P1382,Q706622
Q79719,P279,Q93288
Q820037,P425,Q44497
Q2748405,P1056,Q11426
Q2748405,P2283,Q102798
Q1096,P279,Q11426
Q1096,P31,Q79529
Q491774,P279,Q39297
Q897,P279,Q11426
Q7397,P361,Q68
Q11409,P31,Q1156854
Q1401706,P279,Q202875
Q257022,P460,Q2850854
Q836925,P279,Q10870555
Q3540864,P31,Q12136
Q11019,P279,Q39546
Q11019,P101,Q11023
Q192270,P437,Q22855
Q192270,P279,Q1369832
Q192270,P828,Q22855
Q192581,P1889,Q656365
Q245962,P361,Q11023
Q11032,P279,Q43229
Q11032,P279,Q4830453
Q1184065,P1269,Q2920921
Q1184065,P279,Q43229
Q52389,P1535,Q179073
Q89,P462,Q23444
Q7644488,P279,Q215536
Q656365,P1889,Q192581
Q17110160,P31,Q4830453
Q185451,P279,Q1371819
Q185451,P1535,Q450
Q157165,P31,Q151885
Q157165,P461,Q157470
Q481609,P461,Q21255975
Q481609,P1382,Q15098235
Q6498684,P460,Q1400881
Q6498684,P828,Q601401
Q3230,P361,Q2
Q3230,P31,Q8104
Q3230,P376,Q2
Q1416898,P279,Q731112
Q12876,P31,Q728
Q1403377,P279,Q1368
Q1403377,P31,Q8142
Q27686,P279,Q4830453
Q27686,P279,Q41176
Q11081619,P1889,Q2
Q37038,P279,Q11028
Q946865,P1889,Q796919
Q287,P1582,Q10884
Q3647770,P2959,Q1416898
Q215627,P279,Q795052
Q215627,P1889,Q5
Q11469,P279,Q214609
Q10990,P279,Q2095
Q44167,P279,Q11019
Q81292,P111,Q11500
Q6502154,P279,Q61509
Q104493,P279,Q1202245
Q104493,P279,Q13649246
Q104493,P1552,Q9492
Q104493,P1552,Q13649246
Q253623,P279,Q732577
Q614806,P279,Q11460
Q2397485,P366,Q2526135
Q2476929,P279,Q7748
Q2476929,P1269,Q7748
Q37017,P527,Q7364
Q37017,P527,Q9635
Q37017,P361,Q23640
Q11028,P828,Q174984
Q11028,P1542,Q9081
Q11028,P1889,Q9081
Q198,P527,Q178561
Q788590,P1269,Q2526135
Q788590,P1269,Q174834
Q7995739,P279,Q1368
Q7995739,P31,Q8142
Q7995739,P17,Q43
Q241906,P527,Q623
Q241906,P527,Q11426
Q79529,P2579,Q413
Q193219,P279,Q1414816
Q482090,P1056,Q11427
Q211580,P111,Q11379
Q12147,P31,Q190258
Q12147,P461,Q12136
Q12147,P2579,Q11190
Q131408,P31,Q39546
Q131408,P279,Q39546
Q173799,P366,Q180910
Q44432,P279,Q11379
Q3962655,P461,Q188572
Q23392,P279,Q283
Q23392,P1269,Q283
Q23392,P186,Q283
Q474200,P361,Q102066
Q474200,P361,Q11023
Q342551,P279,Q1148747
Q5166129,P279,Q21255975
Q5166129,P1542,Q21255975
Q628523,P279,Q11028
Q628523,P366,Q11024
Q628523,P1552,Q1530061
Q11410,P279,Q173799
Q8386,P279,Q79529
Q8386,P1889,Q12140
Q1121708,P279,Q2995644
Q16644043,P279,Q49848
Q16644043,P279,Q730920
Q38926,P279,Q11024
Q872,P279,Q15078788
Q26540,P397,Q2
Q11635,P279,Q43229
Q878070,P279,Q211364
Q1370714,P186,Q287
Q2625603,P279,Q1949963
Q2625603,P279,Q322481
Q42008,P279,Q7748
Q1313,P156,Q1314
Q1313,P461,Q1311
Q1313,P1889,Q24384
Q1313,P279,Q24384
Q681615,P279,Q43229
Q5413454,P31,Q4830453
Q5413454,P17,Q33
Q5413454,P452,Q43015
Q16917,P279,Q178706
Q23856,P279,Q11422
Q2876213,P279,Q11023
Q43261,P1552,Q126017
Q207822,P279,Q987767
Q39782,P527,Q753
Q39782,P527,Q758
Q39782,P366,Q41207
Q843596,P527,Q42501
Q41487,P361,Q7748
Q41487,P1889,Q7748
Q58964,P366,Q890886
Q58964,P31,Q39546
Q41,P530,Q43
Q41,P530,Q902
Q41,P530,Q928
Q41,P530,Q419
Q41,P530,Q20
Q41,P530,Q96
Q41,P530,Q833
Q41,P530,Q142
Q41,P530,Q298
Q41,P530,Q31
Q41,P530,Q33
Q41,P530,Q35
Q41,P47,Q43
Q41,P463,Q41550
Q41,P31,Q6256
Q728646,P461,Q167037
Q126793,P279,Q601401
Q126793,P461,Q220695
Q29142,P279,Q83267
Q4202277,P1535,Q7188
Q9081,P279,Q492
Q9081,P1889,Q11028
Q9081,P1889,Q42848
Q9081,P1382,Q46744
Q9081,P1382,Q164359
Q6821213,P461,Q194489
Q28823,P279,Q214609
Q28823,P186,Q161
Q28823,P366,Q11460
Q740777,P361,Q39809
Q740777,P527,Q37038
Q748250,P1382,Q7216332
Q4168959,P279,Q83405
Q34302,P1382,Q13649246
Q34302,P1552,Q13649246
Q34302,P1889,Q34394
Q42519,P279,Q9128
Q3947,P527,Q35473
Q3947,P527,Q36794
Q3947,P527,Q180516
Q3947,P527,Q217164
Q3947,P366,Q7743
Q3947,P1889,Q7743
Q80831,P186,Q670
Q80831,P186,Q663
Q80831,P186,Q753
Q11456,P279,Q214609
Q1120961,P31,Q151885
Q928,P530,Q15180
Q928,P530,Q43
Q928,P530,Q869
Q928,P530,Q35
Q928,P530,Q833
Q928,P530,Q96
Q928,P530,Q298
Q928,P530,Q41
Q928,P530,Q902
Q928,P47,Q833
Q928,P31,Q6256
Q928,P122,Q7270
Q504703,P361,Q8434
Q24489,P527,Q623
Q49371,P3095,Q4175034
Q872745,P461,Q220788
Q758,P279,Q214609
Q758,P366,Q175233
Q15290,P279,Q211364
Q660651,P279,Q49848
Q956,P31,Q515
Q956,P190,Q365
Q956,P190,Q2887
Q214339,P527,Q9332
Q214339,P527,Q2648051
Q52946,P461,Q9510
Q52946,P279,Q11024
Q52946,P366,Q11024
Q83323,P366,Q11451
Q83323,P279,Q79529
Q515,P279,Q177634
Q515,P1889,Q3957
Q515,P3729,Q3957
Q384475,P31,Q151885
Q3548078,P31,Q4830453
Q178561,P361,Q198
Q178561,P279,Q650711
Q203607,P31,Q8142
Q9510,P1552,Q468777
Q9510,P31,Q151885
Q9510,P1889,Q10494269
Q2207370,P279,Q14745
Q131734,P279,Q4830453
Q131734,P1056,Q44
Q131734,P1889,Q187456
Q869095,P1056,Q44
Q869095,P279,Q187939
Q869095,P3095,Q131734
Q194166,P279,Q43229
Q41298,P279,Q43229
Q40843,P279,Q80071
Q2,P527,Q3230
Q2,P397,Q525
Q2,P1889,Q11081619
Q2,P1889,Q36133
Q2,P460,Q16502
Q2,P138,Q36133
Q716894,P2670,Q1400881
Q716894,P1382,Q157171
Q716894,P279,Q93288
Q328554,P31,Q151885
Q5090,P279,Q12117
Q5090,P279,Q235352
Q5090,P527,Q41534
Q10949665,P279,Q326653
Q10949665,P425,Q181487
Q8078,P527,Q179289
Q8078,P31,Q336
Q259059,P1382,Q8436
Q26643,P921,Q601401
Q26643,P460,Q601401
Q326653,P425,Q4116214
Q1630279,P1889,Q690194
Q48013,P111,Q11423
Q156223,P279,Q43183
Q167270,P279,Q3695082
Q167270,P279,Q80071
Q224617,P279,Q41176
Q336,P527,Q901
Q336,P3095,Q901
Q336,P1056,Q9081
Q298,P530,Q142
Q298,P530,Q750
Q298,P530,Q33
Q298,P530,Q35
Q298,P530,Q419
Q298,P530,Q43
Q298,P530,Q77
Q298,P530,Q833
Q298,P530,Q928
Q298,P530,Q41
Q298,P530,Q902
Q298,P530,Q96
Q298,P36,Q2887
Q298,P47,Q750
Q298,P47,Q419
Q298,P463,Q41550
Q298,P31,Q6256
Q157470,P31,Q151885
Q157470,P461,Q157165
Q177,P527,Q36465
Q177,P527,Q42962
Q177,P527,Q11254
Q177,P1419,Q17278
Q677,P279,Q12140
Q677,P31,Q11426
Q744,P279,Q214609
Q14761450,P279,Q4175034
Q1712140,P279,Q9332
Q796919,P1889,Q946865
Q4750689,P31,Q4830453
Q127980,P279,Q214609
Q152,P279,Q729
Q72827,P31,Q79529
Q72827,P527,Q623
Q264238,P279,Q41298
Q192630,P279,Q11471
Q192630,P156,Q193168
Q192630,P361,Q11471
Q192630,P31,Q173253
Q192630,P461,Q344
Q2785824,P279,Q83267
Q34486,P366,Q765633
Q8068,P828,Q7925
Q8068,P1542,Q4
Q188913,P279,Q131596
Q188913,P361,Q11451
Q7925,P279,Q11663
Q7925,P1542,Q8068
Q7925,P527,Q283
Q21450635,P460,Q30242516
Q218038,P31,Q4830453
Q218038,P452,Q11650
Q10566551,P461,Q104493
Q10566551,P1552,Q190258
Q10566551,P1889,Q2526135
Q15098235,P1382,Q481609
Q59434791,P279,Q49848
Q59434791,P366,Q194489
Q15180,P463,Q191582
Q15180,P47,Q33
Q15180,P47,Q43
Q15180,P530,Q35
Q15180,P530,Q20
Q15180,P530,Q43
Q15180,P530,Q928
Q15180,P530,Q833
Q15180,P138,Q7270
Q45190,P31,Q131790
Q165,P279,Q2221906
Q186619,P279,Q628523
Q186619,P3712,Q1231428
Q726686,P361,Q730920
Q1137632,P31,Q43229
Q217164,P461,Q221706
Q603253,P31,Q4830453
Q603253,P1454,Q658255
Q43483,P1889,Q483453
Q1200733,P461,Q4290
Q282,P366,Q40050
Q282,P462,Q23444
Q380075,P279,Q40348
Q380075,P460,Q40348
Q327245,P279,Q43229
Q1364,P527,Q40763
Q193078,P279,Q481609
Q193078,P828,Q171558
Q181487,P279,Q1379672
Q36133,P461,Q8063
Q36133,P1889,Q2
Q191768,P279,Q10990
Q273724,P279,Q41207
Q23444,P279,Q9128
Q40763,P279,Q2095
Q788790,P279,Q11028
Q505213,P279,Q83405
Q505213,P279,Q4830453
Q177634,P279,Q43229
Q190868,P279,Q161928
Q172226,P279,Q39546
Q1770203,P279,Q167676
Q35758,P1552,Q11423
Q35758,P1552,Q11466
Q12200,P495,Q142
Q12136,P461,Q12147
Q764,P1889,Q756
Q35852,P111,Q11500
Q42240,P279,Q21004260
Q178843,P279,Q8142
Q10884,P2670,Q2923673
Q10884,P2670,Q33971
Q10884,P1672,Q287
Q197204,P361,Q729
Q690194,P1889,Q1630279
Q2844,P190,Q2887
Q205555,P279,Q160402
Q205555,P527,Q328835
Q205555,P1889,Q173253
Q164359,P279,Q9081
Q164359,P1382,Q46744
Q164359,P1382,Q9081
Q25294,P527,Q200266
Q25294,P1552,Q11423
Q25294,P366,Q385378
Q8441,P461,Q467
Q8441,P361,Q8436
Q2047030,P279,Q282
Q789774,P279,Q44167
Q22698,P279,Q2221906
Q2138622,P279,Q336
Q2138622,P2578,Q2095
Q9964,P527,Q9963
Q43193,P366,Q651658
Q8094,P1269,Q11663
Q4175034,P425,Q49371
Q4175034,P279,Q192581
Q160289,P279,Q160402
Q160289,P31,Q173253
Q160289,P527,Q11461
Q5167661,P31,Q151885
Q6097,P279,Q61951
Q6097,P527,Q283
Q6097,P186,Q11002
Q6097,P186,Q283
Q765633,P366,Q7590
Q765633,P366,Q650711
Q765633,P366,Q42240
Q765633,P3095,Q2095549
Q13360264,P2079,Q720398
Q40867,P279,Q79529
Q208046,P31,Q46970
Q194489,P279,Q1344851
Q8502,P279,Q2221906
Q8502,P527,Q207326
Q17131110,P279,Q15978655
Q79782,P1552,Q11376
Q746628,P279,Q180516
Q165437,P366,Q11004
Q165437,P279,Q11004
Q1664551,P31,Q151885
Q8016240,P710,Q41487
Q15645384,P279,Q12117
Q15645384,P279,Q2095
Q28207096,P31,Q4830453
Q2974437,P31,Q4830453
Q93352,P279,Q468756
Q7216332,P279,Q309100
Q7216332,P279,Q748250
Q7216332,P460,Q309100
Q7216332,P1889,Q309100
Q7216332,P1382,Q748250
Q121117,P279,Q68
Q215536,P279,Q43845
Q215536,P425,Q601401
Q1489259,P279,Q6266
Q231043,P279,Q628523
Q7958,P3712,Q46744
Q1634657,P31,Q5
Q1634657,P106,Q193391
Q5283,P186,Q623
Q5283,P527,Q623
Q7944,P1542,Q167903
Q7944,P1542,Q3839081
Q7561,P462,Q23444
Q674911,P31,Q4830453
Q179723,P2283,Q729
Q179723,P2283,Q5
Q1123417,P279,Q214609
Q371174,P279,Q11024
Q28813,P279,Q83267
Q334401,P279,Q2143522
Q334401,P361,Q10566551
Q12187,P279,Q12140
Q12187,P138,Q3
Q12187,P31,Q12140
Q830,P1672,Q192628
Q5,P1889,Q2472587
Q5,P1889,Q215627
Q5,P2670,Q215627
Q5,P279,Q215627
Q11190,P3095,Q39631
Q11190,P1889,Q12140
Q18621601,P279,Q12136
Q98539357,P460,Q1474278
Q234129,P31,Q8142
Q174984,P279,Q42848
Q174984,P1542,Q11028
Q50000,P279,Q2995644
Q134574,P279,Q39546
Q134574,P279,Q11019
Q4182927,P279,Q160117
Q129238,P279,Q4830453
Q12140,P279,Q8386
Q12140,P1889,Q8386
Q12140,P1889,Q11190
Q431289,P279,Q167270
Q283202,P279,Q39594
Q283202,P1889,Q44782
Q82604,P3095,Q5322166
Q5322166,P425,Q82604
Q36794,P279,Q264661
Q36794,P527,Q35473
Q8492,P279,Q40050
Q8492,P527,Q11004
Q8492,P31,Q11435
Q28575,P150,Q515
Q12117,P279,Q2995529
Q188577,P31,Q211364
Q24091434,P279,Q2979
Q623,P138,Q24489
Q7270,P279,Q7174
Q7270,P279,Q5589178
Q4821052,P31,Q5
Q192628,P279,Q10990
Q192628,P1582,Q830
Q1123399,P31,Q4830453
Q483453,P1889,Q43483
Q483453,P366,Q747713
Q163446,P527,Q28823
Q96,P463,Q41550
Q96,P463,Q182000
Q96,P31,Q6256
Q96,P530,Q20
Q96,P530,Q419
Q96,P530,Q43
Q96,P530,Q730
Q96,P530,Q77
Q96,P530,Q869
Q96,P530,Q928
Q96,P530,Q142
Q96,P530,Q31
Q96,P530,Q35
Q96,P530,Q33
Q96,P530,Q833
Q96,P530,Q736
Q96,P530,Q750
Q96,P530,Q41
Q96,P530,Q902
Q96,P530,Q298
Q1459595,P31,Q4830453
Q31615,P279,Q39594
Q8063,P461,Q36133
Q8425,P31,Q151885
Q8425,P2670,Q5
Q133346,P1889,Q1355821
Q584,P31,Q1267889
Q584,P17,Q142
Q584,P205,Q142
Q4022,P527,Q283
Q697279,P279,Q49848
Q1123823,P31,Q22687
Q1123823,P31,Q4830453
Q1123823,P17,Q33
Q525,P398,Q2
Q41803,P111,Q11423
Q828224,P111,Q36253
Q1282130,P31,Q4830453
Q1282130,P1056,Q22656
Q7204,P31,Q82794
Q727002,P31,Q49848
Q727002,P31,Q93288
Q34394,P1889,Q34302
Q1041750,P31,Q167270
Q1041750,P31,Q44
Q1041750,P31,Q131734
Q1041750,P452,Q869095
Q1041750,P1056,Q44
Q171558,P1542,Q193078
Q171558,P1542,Q4
Q5113,P1672,Q10990
Q178559,P279,Q2095
Q25653,P279,Q11446
Q187456,P1889,Q131734
Q193168,P156,Q344
Q193168,P155,Q192630
Q193168,P361,Q11471
Q482798,P111,Q36253
Q167903,P828,Q7944
Q3957,P361,Q6256
Q3957,P1889,Q515
Q3957,P279,Q177634
Q3957,P3730,Q515
Q500251,P279,Q43845
Q191086,P279,Q82794
Q161,P279,Q214609
Q161,P366,Q28823
Q11573,P111,Q36253
Q11573,P111,Q126017
Q1267889,P276,Q4022
Q1267889,P276,Q12284
Q1267889,P276,Q23397
Q606013,P31,Q4830453
Q4421,P527,Q10884
Q41207,P1557,Q1368
Q41207,P279,Q693464
Q11423,P1552,Q122508
Q11423,P1552,Q11379
Q11423,P361,Q11402
Q11423,P1889,Q25288
Q11423,P1542,Q11402
Q829492,P279,Q601401
Q7414,P31,Q4830453
Q7414,P1056,Q7397
Q7390,P366,Q52946
Q7390,P366,Q27939
Q1253258,P461,Q920419
Q1566,P527,Q33971
Q1566,P1535,Q1578
Q4,P461,Q3
Q4,P361,Q3
Q102066,P279,Q9081
Q830036,P279,Q1369832
Q870,P366,Q3565868
Q7108,P279,Q11016
Q194105,P460,Q3972943
Q27318,P279,Q1379672
Q40050,P279,Q11435
Q40050,P279,Q2095
Q1048,P31,Q5
Q22676,P279,Q161928
Q181114,P452,Q190117
Q181114,P1056,Q43193
Q181114,P1056,Q1420
Q181114,P199,Q27564
Q181114,P199,Q30113
Q181114,P355,Q27564
Q181114,P355,Q30113
Q1751574,P527,Q3196867
Q595094,P461,Q10861465
Q216774,P31,Q151885
Q492,P279,Q11028
Q16886469,P31,Q151885
Q12097,P279,Q8441
Q17147,P703,Q729
Q2095549,P425,Q765633
Q869,P530,Q35
Q869,P530,Q142
Q869,P530,Q833
Q869,P530,Q928
Q869,P530,Q96
Q869,P530,Q902
Q869,P47,Q833
Q869,P38,Q177882
Q869,P31,Q6256
Q902,P530,Q41
Q902,P530,Q43
Q902,P530,Q869
Q902,P530,Q928
Q902,P530,Q842
Q902,P530,Q96
Q902,P530,Q833
Q902,P530,Q32
Q902,P530,Q142
Q902,P530,Q35
Q902,P530,Q298
Q902,P31,Q6256
Q14660,P279,Q806880
Q14660,P180,Q6256
Q1641044,P31,Q4830453
Q1641044,P1056,Q42501
Q573103,P31,Q4830453
Q573103,P159,Q1715
Q745316,P279,Q8142
Q1425316,P31,Q4830453
Q694468,P31,Q4830453
Q3972943,P279,Q11024
Q410209,P527,Q623
Q901,P425,Q336
Q11412,P1542,Q25288
Q1445650,P279,Q573
Q253276,P111,Q36253
Q39631,P425,Q11190
Q10861465,P461,Q595094
Q309,P1269,Q192630
Q30113,P749,Q181114
Q30113,P452,Q190117
Q48674256,P31,Q11424
Q373085,P279,Q599151
Q241625,P279,Q775842
Q1509038,P31,Q4830453
Q152051,P31,Q4830453
Q152051,P452,Q11474
Q165074,P366,Q12453
Q4994426,P31,Q4830453
Q346504,P460,Q223894
Q135325,P1056,Q663
Q7841232,P31,Q4830453
Q7841232,P452,Q190117
Q495007,P31,Q4830453
Q44,P527,Q283
Q44,P176,Q131734
Q1578,P527,Q1566
Q1578,P2283,Q1566
Q1578,P186,Q1566
Q6537379,P279,Q349
Q6537379,P279,Q219067
Q170156,P1889,Q43702
Q657221,P279,Q6460735
Q145205,P279,Q131790
Q40348,P425,Q7748
Q40348,P460,Q380075
Q37260,P279,Q11024
Q37260,P366,Q11024
Q37260,P1535,Q5
Q1295201,P279,Q4830453
Q180910,P527,Q173799
Q920419,P461,Q1253258
Q163712,P31,Q8142
Q163712,P17,Q833
Q163712,P1001,Q833
Q195,P527,Q11002
Q195,P186,Q11002
Q193170,P279,Q131569
Q193170,P279,Q231043
Q476118,P279,Q43183
Q476118,P279,Q4830453
Q123705,P361,Q515
Q3044517,P31,Q5
Q1651946,P31,Q4830453
Q1266691,P31,Q4830453
Q417237,P460,Q295573
Q295573,P460,Q417237
Q43702,P1889,Q170156
Q241741,P361,Q7860
Q105674,P279,Q349
Q105674,P279,Q219067
Q578,P527,Q39911
Q578,P111,Q11471
Q41177,P186,Q1098
Q217651,P361,Q8104
Q8473,P1889,Q37726
Q207326,P279,Q2221906
Q207326,P361,Q8502
Q456,P17,Q142
Q740732,P279,Q161928
Q4850064,P31,Q515
Q4850064,P17,Q736
Q11254,P31,Q10675206
Q13270,P279,Q2095
Q13270,P2079,Q720398
Q41534,P527,Q623
Q190132,P279,Q79782
Q18600381,P279,Q2472587
Q18600381,P279,Q215627
Q507154,P31,Q4830453
Q507154,P1056,Q12140
Q448042,P31,Q4830453
Q448042,P159,Q72
Q246,P452,Q190117
Q80071,P279,Q3695082
Q80071,P279,Q478798
Q80071,P460,Q3695082
Q181912,P31,Q46970
Q31,P530,Q32
Q31,P530,Q142
Q31,P530,Q35
Q31,P530,Q43
Q31,P530,Q77
Q31,P530,Q833
Q31,P530,Q96
Q31,P530,Q41
Q31,P463,Q41550
Q31,P47,Q32
Q31,P47,Q142
Q31,P31,Q43702
Q31,P31,Q6256
Q3517315,P31,Q4830453
Q3517315,P159,Q340
Q960876,P31,Q4830453
Q960876,P1056,Q7397
Q1780382,P31,Q4830453
Q157171,P279,Q93288
Q7915946,P31,Q4830453
Q7915946,P452,Q190117
Q48739587,P31,Q4830453
Q8104,P279,Q11432
Q140565,P276,Q11707
Q201676,P1557,Q4
Q39397,P279,Q728
Q6746,P452,Q190117
Q6746,P17,Q142
Q6746,P1056,Q1420
Q15788,P279,Q8142
Q31975,P279,Q3481047
Q1006,P31,Q6256
Q1006,P122,Q7270
Q36074,P31,Q133156
Q687687,P31,Q4830453
Q687687,P452,Q190117
Q687687,P17,Q142
Q151885,P460,Q131841
Q151885,P1552,Q1128596
Q151885,P1889,Q131841
Q1530061,P279,Q9492
Q187046,P279,Q11472
Q12959,P106,Q188094
Q12959,P27,Q142
Q12959,P31,Q5
Q161358,P366,Q765633
Q27143,P31,Q4830453
Q27143,P452,Q190117
Q833,P38,Q163712
Q833,P530,Q15180
Q833,P530,Q20
Q833,P530,Q419
Q833,P530,Q43
Q833,P530,Q31
Q833,P530,Q298
Q833,P530,Q35
Q833,P530,Q33
Q833,P530,Q142
Q833,P530,Q736
Q833,P530,Q398
Q833,P530,Q842
Q833,P530,Q869
Q833,P530,Q928
Q833,P530,Q96
Q833,P530,Q41
Q833,P530,Q902
Q833,P47,Q869
Q833,P47,Q928
Q833,P31,Q6256
Q833,P150,Q179029
Q15826061,P31,Q82799
Q1255828,P279,Q179875
Q15030582,P31,Q4830453
Q666948,P31,Q4830453
Q666948,P452,Q11451
Q728,P279,Q39546
Q728,P366,Q332142
Q212322,P452,Q7108
Q212322,P1056,Q12140
Q5059055,P31,Q4830453
Q5059055,P452,Q418
Q177882,P31,Q8142
Q177882,P17,Q869
Q121359,P361,Q159810
Q121359,P361,Q8425
Q730,P47,Q142
Q730,P31,Q6256
Q730,P31,Q133156
Q730,P530,Q142
Q730,P530,Q96
Q730,P122,Q7270
Q27564,P1056,Q1420
Q27564,P452,Q190117
Q27564,P749,Q181114
Q1785405,P31,Q4830453
Q1785405,P452,Q11426
Q1785405,P452,Q44497
Q1785405,P1056,Q897
Q215414,P279,Q214609
Q6042515,P279,Q8161
Q1511,P31,Q5
Q1511,P735,Q1249148
Q201097,P279,Q987767
Q201097,P186,Q287
Q201097,P186,Q11474
Q842,P31,Q6256
Q842,P530,Q833
Q842,P530,Q902
Q842,P361,Q7204
Q207946,P1889,Q273088
Q127418,P279,Q1570182
Q127418,P366,Q37260
Q127418,P366,Q93184
Q127418,P366,Q11034
Q1129100,P31,Q3196867
Q66,P31,Q4830453
Q3051909,P31,Q4830453
Q3051909,P452,Q126793
Q249,P279,Q418
Q221692,P31,Q4830453
Q221692,P17,Q833
Q107211,P31,Q161
Q61509,P279,Q79782
Q61509,P1889,Q7590
Q153,P31,Q12140
Q153,P2670,Q623
Q130336,P31,Q12140
Q130336,P527,Q623
Q18335,P361,Q413
Q18335,P2579,Q413
Q467,P461,Q8441
Q419,P122,Q7270
Q419,P530,Q750
Q419,P530,Q298
Q419,P530,Q833
Q419,P530,Q96
Q419,P530,Q142
Q419,P530,Q77
Q419,P530,Q41
Q419,P47,Q736
Q419,P47,Q750
Q419,P47,Q298
Q419,P31,Q7270
Q419,P31,Q6256
Q206287,P361,Q1297822
Q206287,P1889,Q1713
Q6473773,P31,Q4830453
Q516739,P279,Q4323994
Q516739,P279,Q7590
Q516739,P121,Q34442
Q188675,P361,Q93288
Q188675,P361,Q131569
Q36465,P186,Q2995529
Q36465,P361,Q178
Q5530392,P31,Q4830453
Q46744,P1382,Q9081
Q46744,P1382,Q164359
Q684,P461,Q679
Q684,P461,Q659
Q1156,P31,Q515
Q1231428,P279,Q11024
Q1031250,P279,Q1156854
Q1124733,P279,Q35140
Q5177565,P31,Q4830453
Q1019,P31,Q6256
Q1019,P122,Q7270
Q1019,P47,Q142
Q747713,P279,Q3929317
Q720398,P2283,Q44432
Q720398,P276,Q274393
Q14076,P186,Q131877
Q14076,P186,Q244680
Q10675206,P279,Q214609
Q20150,P31,Q5
Q11650,P2579,Q11023
Q1740314,P31,Q4830453
Q1740314,P31,Q22687
Q910368,P31,Q4830453
Q37901,P279,Q1267889
Q17278,P1552,Q36253
Q1135180,P279,Q12493
Q1071,P2578,Q2221906
Q33,P530,Q142
Q33,P530,Q35
Q33,P530,Q20
Q33,P530,Q298
Q33,P530,Q43
Q33,P530,Q833
Q33,P530,Q96
Q33,P530,Q41
Q33,P463,Q41550
Q33,P47,Q20
Q33,P47,Q15180
Q33,P31,Q6256
Q81054,P361,Q11663
Q81054,P279,Q8094
Q1282031,P31,Q4830453
Q750,P47,Q298
Q750,P47,Q419
Q750,P31,Q7270
Q750,P31,Q6256
Q750,P530,Q298
Q750,P530,Q35
Q750,P530,Q419
Q750,P530,Q77
Q750,P530,Q96
Q44819,P31,Q5
Q332142,P279,Q707125
Q203567,P31,Q8142
Q77,P122,Q7270
Q77,P530,Q298
Q77,P530,Q142
Q77,P530,Q96
Q77,P530,Q419
Q77,P530,Q736
Q77,P530,Q750
Q77,P530,Q31
Q77,P31,Q6256
Q191830,P279,Q8142
Q586,P190,Q34217
Q586,P31,Q515
Q586,P17,Q142
Q586,P206,Q584
Q7998350,P452,Q126793
Q1645436,P31,Q4830453
Q1645436,P31,Q658255
Q1645436,P1056,Q11422
Q125191,P279,Q49848
Q125191,P279,Q478798
Q216353,P279,Q82799
Q216353,P279,Q618779
Q782759,P360,Q5
Q841571,P279,Q215627
Q37756,P279,Q5447188
Q6428674,P2579,Q309
Q1141162,P31,Q4830453
Q12453,P279,Q791801
Q35886,P452,Q190117
Q1341387,P279,Q4830453
Q161439,P1382,Q178794
Q188245,P527,Q623
Q4539,P279,Q783794
Q4539,P1557,Q380962
Q5611697,P31,Q4830453
Q5611697,P452,Q11451
Q10564271,P279,Q83323
Q252108,P279,Q287
Q246,P31,Q431289
Q246,P31,Q4830453
Q178794,P1382,Q161439
Q3929317,P460,Q747713
Q159656,P31,Q8436
Q1776022,P31,Q4830453
Q1776022,P31,Q783794
Q1776022,P17,Q20
Q1776022,P1056,Q22656
Q2365041,P279,Q2472587
Q2365041,P279,Q215627
Q726654,P31,Q4830453
Q190928,P452,Q474200
Q190928,P279,Q4830453
Q837281,P17,Q142
Q837281,P361,Q1313
Q837281,P138,Q213753
Q133235,P1542,Q3196
Q34217,P190,Q586
Q34217,P421,Q30192
Q1422061,P31,Q131734
Q1422061,P31,Q4830453
Q1422061,P1056,Q44
Q1904,P47,Q176
Q721587,P279,Q11024
Q721587,P31,Q49845
Q721587,P452,Q49845
Q152057,P31,Q4830453
Q152057,P1056,Q22656
Q679,P461,Q684
Q679,P461,Q659
Q425094,P527,Q623
Q878249,P279,Q43229
Q32,P530,Q142
Q32,P530,Q31
Q32,P530,Q902
Q32,P463,Q41550
Q32,P47,Q142
Q32,P47,Q31
Q32,P31,Q6256
Q150681,P527,Q623
Q1470870,P31,Q4830453
Q81009,P361,Q11024
Q9635,P361,Q23640
Q9635,P927,Q23640
Q693690,P279,Q830
Q1762621,P279,Q4830453
Q244680,P31,Q214609
Q244680,P1382,Q131877
Q388338,P425,Q10756188
Q388338,P279,Q43845
Q2887,P17,Q298
Q2887,P190,Q956
Q2887,P190,Q2844
Q2887,P1376,Q298
Q9401,P31,Q4830453
Q9401,P1056,Q11474
Q9401,P138,Q83405
Q189838,P361,Q756
Q35381,P31,Q515
Q1664720,P279,Q178706
Q1664720,P1889,Q178706
Q1027218,P31,Q167270
Q7398895,P31,Q4830453
Q7398895,P452,Q43183
Q184840,P279,Q83267
Q177232,P461,Q7566
Q4590598,P31,Q23392
Q184418,P361,Q201676
Q184418,P1557,Q4
Q184418,P366,Q201676
Q184418,P186,Q287
Q184418,P186,Q758
Q184418,P186,Q11426
Q12791,P527,Q200266
Q460307,P31,Q4830453
Q460307,P159,Q72
Q460307,P452,Q207822
Q654182,P1269,Q14620
Q654182,P1269,Q413
Q654182,P1269,Q11461
Q1715,P190,Q340
Q1715,P31,Q515
Q2105,P106,Q599151
Q2105,P27,Q142
Q2105,P39,Q140686
Q2105,P31,Q5
Q2105,P735,Q2624417
Q30242516,P460,Q21450635
Q160493,P31,Q515
Q6147804,P186,Q28823
Q6147804,P366,Q12684
Q5074237,P279,Q5551716
Q3395383,P366,Q11451
Q11570,P111,Q11423
Q11570,P459,Q12453
Q11570,P459,Q976981
Q11570,P138,Q41803
Q412826,P31,Q4830453
Q484830,P279,Q601401
Q780,P279,Q178559
Q6515782,P31,Q40050
Q174219,P279,Q214609
Q377915,P31,Q4830453
Q1713,P279,Q121769
Q1713,P1889,Q206287
Q577998,P279,Q11019
Q577998,P366,Q44497
Q577998,P366,Q83405
Q577998,P366,Q7590
Q2246923,P31,Q4830453
Q132911,P279,Q11019
Q340,P190,Q1715
Q1355821,P279,Q183366
Q1355821,P1889,Q133346
Q1110323,P31,Q4830453
Q1110323,P452,Q126793
Q9430,P279,Q2221906
Q9430,P1889,Q1071
Q217659,P17,Q32
Q270952,P31,Q11466
Q270952,P31,Q101072
Q895392,P31,Q4830453
Q6497624,P461,Q25288
Q1894476,P31,Q5
Q963388,P31,Q5
Q963388,P1303,Q27939
Q14934005,P279,Q11472
Q14934005,P31,Q214609
Q17149955,P279,Q11446
Q5675052,P31,Q4830453
Q142,P530,Q32
Q142,P530,Q33
Q142,P530,Q31
Q142,P530,Q35
Q142,P530,Q298
Q142,P530,Q20
Q142,P530,Q419
Q142,P530,Q43
Q142,P530,Q730
Q142,P530,Q77
Q142,P530,Q833
Q142,P530,Q869
Q142,P530,Q96
Q142,P530,Q41
Q142,P530,Q902
Q142,P463,Q41550
Q142,P47,Q31
Q142,P47,Q32
Q142,P47,Q730
Q142,P31,Q7270
Q142,P31,Q6256
Q142,P35,Q2105
Q12013533,P279,Q371174
Q5546426,P31,Q4830453
Q5132340,P31,Q4830453
Q10494269,P279,Q1400881
Q2580010,P31,Q431289
Q220695,P279,Q601401
Q220695,P461,Q126793
Q181600,P279,Q5
Q2562491,P31,Q4830453
Q2578692,P279,Q177634
Q1323725,P31,Q5
Q14620,P361,Q413
Q14620,P2578,Q9128
Q3699795,P31,Q4830453
Q180687,P17,Q142
Q667790,P17,Q31
Q256020,P279,Q11707
Q612403,P1056,Q897
Q16726223,P460,Q5189153
Q679322,P31,Q4830453
Q679322,P1056,Q22656
Q1783748,P31,Q4830453
Q1783748,P452,Q190117
Q2595760,P31,Q4830453
Q652698,P186,Q11457
Q638,P279,Q735
Q638,P279,Q173799
Q638,P279,Q11461
Q638,P527,Q11461
Q244997,P106,Q40348
Q244997,P106,Q1930187
Q244997,P31,Q5
Q244997,P937,Q2844
Q43,P122,Q7270
Q43,P530,Q41
Q43,P530,Q15180
Q43,P530,Q298
Q43,P530,Q142
Q43,P530,Q31
Q43,P530,Q33
Q43,P530,Q35
Q43,P530,Q833
Q43,P530,Q96
Q43,P530,Q928
Q43,P530,Q902
Q43,P463,Q41550
Q43,P47,Q41
Q43,P47,Q15180
Q43,P31,Q6256
Q43,P361,Q7204
Q176,P47,Q1904
Q1570182,P279,Q214609
Q125356,P31,Q39546
Q867662,P31,Q4830453
Q867662,P1056,Q42962
Q37726,P1889,Q8473
Q503592,P31,Q4830453
Q503592,P31,Q431289
Q131569,P279,Q321839
Q131569,P279,Q49848
Q4739805,P279,Q42962
Q4739805,P366,Q2095
Q79007,P279,Q34442
Q79007,P361,Q319608
Q79007,P527,Q34442
Q35,P530,Q33
Q35,P530,Q142
Q35,P530,Q15180
Q35,P530,Q20
Q35,P530,Q31
Q35,P530,Q750
Q35,P530,Q298
Q35,P530,Q43
Q35,P530,Q833
Q35,P530,Q869
Q35,P530,Q928
Q35,P530,Q96
Q35,P530,Q41
Q35,P530,Q902
Q35,P463,Q41550
Q35,P47,Q20
Q35,P31,Q6256
Q365,P190,Q956
Q365,P206,Q584
Q365,P17,Q142
Q182290,P452,Q601401
Q1347679,P31,Q4830453
Q1347679,P452,Q11650
Q39619,P31,Q5
Q39619,P106,Q16533
Q274393,P279,Q4830453
Q1044291,P1056,Q11424
Q130591,P31,Q8502
Q179029,P17,Q833
Q179029,P131,Q833
Q179029,P361,Q833
Q47071,P279,Q9128
Q1323379,P17,Q20
Q20,P530,Q96
Q20,P530,Q15180
Q20,P530,Q35
Q20,P530,Q33
Q20,P530,Q142
Q20,P530,Q833
Q20,P530,Q41
Q20,P463,Q41550
Q20,P47,Q33
Q20,P47,Q35
Q20,P138,Q659
Q20,P138,Q34442
Q20,P31,Q6256
Q19675,P17,Q142
Q19675,P2851,Q693464
Q19675,P921,Q735
Q2850854,P460,Q257022
Q374,P279,Q56139
Q374,P527,Q153
Q557164,P279,Q987767
