doc,wikiID
0,Q3916071
0,Q95124485
0,Q783794
0,Q2761147
0,Q1196314
0,Q268146
0,Q381136
0,Q399476
0,Q3708947
1,Q95124485
1,Q783794
1,Q1196314
1,Q399476
1,Q780687
1,Q400416
1,Q226455
1,Q240673
1,Q417488
1,Q209577
1,Q1277907
1,Q414241
1,Q210481
1,Q29947926
1,Q68
1,Q58778
1,Q1371819
1,Q6495050
1,Q11016
1,Q577
1,Q5879690
1,Q452800
1,Q11471
1,Q160151
2,Q29947926
2,Q577
2,Q8161
2,Q764844
2,Q189539
2,Q225590
2,Q46737
2,Q424707
3,Q29947926
3,Q225590
3,Q2112047
3,Q1692143
3,Q181201
4,Q29947926
5,Q783794
5,Q399476
5,Q6495050
5,Q577
5,Q1437134
5,Q420708
5,Q5669212
5,Q5326939
5,Q35140
5,Q2095
6,Q783794
6,Q1196314
6,Q399476
6,Q3708947
6,Q209577
6,Q29947926
6,Q6495050
6,Q577
6,Q8161
6,Q2112047
6,Q181201
6,Q1437134
6,Q5326939
6,Q233272
6,Q693464
6,Q346589
6,Q77076
6,Q9705
6,Q3679160
6,Q5151
6,Q1660986
6,Q399857
6,Q348420
6,Q350108
6,Q1624408
7,Q225590
7,Q2112047
7,Q1692143
7,Q181201
7,Q399857
7,Q415967
8,Q29947926
8,Q577
8,Q4830453
8,Q2995644
8,Q2002118
8,Q3
9,Q181201
9,Q564046
10,Q381136
10,Q68
10,Q577
10,Q225590
10,Q2112047
10,Q1692143
10,Q181201
11,Q6495050
11,Q577
12,Q2761147
12,Q381136
12,Q399476
12,Q417488
12,Q29947926
12,Q577
12,Q46737
12,Q5326939
12,Q346589
12,Q1660986
12,Q159810
12,Q170924
12,Q1640121
12,Q233646
12,Q353342
12,Q63532478
13,Q399476
13,Q8161
13,Q225590
13,Q2112047
13,Q1692143
13,Q77076
13,Q5151
14,Q783794
14,Q2761147
14,Q1196314
14,Q399476
14,Q29947926
14,Q58778
14,Q577
14,Q160151
14,Q1437134
14,Q5669212
14,Q693464
14,Q346589
14,Q348420
14,Q233646
14,Q1474278
14,Q3276328
14,Q601401
14,Q225802
14,Q599151
14,Q2920921
14,Q1456029
14,Q575724
14,Q342078
14,Q45701
15,Q1371819
15,Q577
15,Q160151
15,Q346589
15,Q5151
15,Q350108
15,Q159810
15,Q342078
15,Q62955
15,Q601401
15,Q22687
15,Q3196867
15,Q3505433
15,Q5189153
15,Q182722
15,Q6256
15,Q232576
15,Q8142
16,Q209577
16,Q29947926
16,Q11471
16,Q348420
16,Q16220058
16,Q573
16,Q397392
16,Q232353
16,Q659
17,Q29947926
17,Q225590
17,Q424707
17,Q225802
17,Q1210094
17,Q1527264
17,Q1487317
18,Q29947926
18,Q181201
19,Q3916071
19,Q95124485
19,Q399476
19,Q577
19,Q225590
19,Q2112047
19,Q1692143
19,Q1437134
19,Q5151
19,Q5189153
19,Q340724
19,Q1911050
19,Q5249503
19,Q42240
19,Q209577
19,Q16278392
19,Q850210
19,Q11023
19,Q658255
19,Q14083
20,Q29947926
20,Q348420
20,Q342078
20,Q23387
20,Q240734
20,Q11229
20,Q251898
20,Q99751643
20,Q4402708
21,Q209577
21,Q29947926
21,Q1692143
21,Q1437134
21,Q399857
21,Q1487317
21,Q279242
23,Q399476
23,Q29947926
23,Q6495050
23,Q225590
23,Q424707
23,Q16877945
23,Q398902
24,Q783794
24,Q29947926
24,Q11379
24,Q42962
24,Q11432
24,Q654302
24,Q39552
25,Q29947926
25,Q225590
25,Q181201
25,Q399857
25,Q110
26,Q783794
26,Q399476
26,Q577
26,Q424707
26,Q420708
26,Q731112
27,Q29947926
27,Q577
27,Q181201
27,Q346589
27,Q2002118
27,Q573
27,Q14083
27,Q82799
27,Q244696
28,Q399476
28,Q209577
28,Q29947926
28,Q225590
28,Q181201
28,Q399857
28,Q2002118
28,Q353342
28,Q672154
28,Q16831479
29,Q29947926
29,Q399857
29,Q298971
30,Q225590
30,Q181201
31,Q399857
32,Q29947926
32,Q225590
32,Q564046
33,Q399476
33,Q29947926
33,Q424707
33,Q2995644
33,Q2002118
33,Q1487317
34,Q1196314
34,Q399476
34,Q783794
34,Q4290
35,Q577
35,Q225590
35,Q2112047
35,Q1692143
36,Q29947926
36,Q399857
36,Q110
37,Q3916071
37,Q783794
37,Q1196314
37,Q226455
37,Q1277907
37,Q414241
37,Q29947926
37,Q1371819
37,Q577
37,Q8161
37,Q46737
37,Q2112047
37,Q181201
37,Q420708
37,Q5669212
37,Q5326939
37,Q35140
37,Q693464
37,Q4830453
37,Q233646
37,Q599151
37,Q2920921
37,Q5189153
37,Q232576
37,Q209577
37,Q240734
37,Q11229
37,Q783794
37,Q160117
37,Q3984436
37,Q20655516
37,Q414987
37,Q61022630
37,Q1794067
37,Q446964
37,Q283308
37,Q2526135
37,Q352850
37,Q299964
37,Q397164
37,Q210804
37,Q878352
38,Q381136
38,Q399476
38,Q209577
38,Q29947926
38,Q225590
38,Q181201
38,Q346589
38,Q353342
38,Q672154
38,Q16831479
39,Q95124485
39,Q783794
39,Q417488
39,Q29947926
39,Q6495050
39,Q577
39,Q160151
39,Q424707
39,Q2112047
39,Q1437134
39,Q5326939
39,Q1660986
39,Q2995644
39,Q233646
39,Q5189153
39,Q850210
39,Q14083
39,Q251898
39,Q4402708
39,Q39552
39,Q2934264
39,Q11427
40,Q95124485
40,Q577
40,Q23387
40,Q2995529
41,Q783794
41,Q1196314
41,Q399476
41,Q5151
41,Q783794
41,Q4290
41,Q2082178
41,Q706622
42,Q2112047
42,Q1692143
43,Q95124485
43,Q783794
43,Q1277907
43,Q160151
43,Q348420
43,Q573
43,Q42962
43,Q17221
43,Q10289
43,Q93288
43,Q225229
44,Q1196314
44,Q381136
44,Q399476
44,Q29947926
44,Q3984436
45,Q1196314
45,Q233272
46,Q95124485
46,Q783794
46,Q399476
46,Q29947926
46,Q6495050
46,Q577
46,Q2112047
46,Q1692143
46,Q420708
46,Q5669212
46,Q5326939
46,Q5151
46,Q2995644
46,Q63532478
46,Q1456029
46,Q5249503
46,Q209577
46,Q1411242
46,Q264890
46,Q954124
46,Q43229
47,Q209577
47,Q29947926
47,Q6495050
47,Q367026
47,Q5135431
48,Q399476
48,Q226455
48,Q209577
48,Q1371819
48,Q2920921
48,Q654302
48,Q783794
48,Q4290
49,Q240673
49,Q29947926
49,Q189539
49,Q693464
49,Q599151
49,Q2920921
49,Q2995529
49,Q19689241
49,Q10870555
49,Q41263
49,Q5249659
49,Q224772
49,Q768396
49,Q340383
49,Q12823105
49,Q252022
49,Q253338
49,Q7188
50,Q29947926
50,Q577
50,Q225590
50,Q2112047
50,Q1692143
51,Q181201
51,Q399857
52,Q29947926
52,Q1692143
52,Q16877945
52,Q42962
52,Q11432
52,Q416020
53,Q577
53,Q672154
54,Q225590
54,Q399857
55,Q783794
55,Q2761147
55,Q1277907
55,Q29947926
55,Q160151
55,Q1437134
55,Q5669212
55,Q5151
55,Q42240
55,Q4402708
55,Q11379
55,Q42962
55,Q20655516
55,Q414987
55,Q224772
55,Q5070802
55,Q663143
55,Q321839
55,Q1156854
55,Q16502
55,Q417861
55,Q1308239
55,Q2042052
55,Q730920
55,Q1247982
56,Q783794
56,Q399476
56,Q577
56,Q160151
56,Q225590
56,Q1692143
56,Q1437134
56,Q5151
56,Q2995644
56,Q5189153
56,Q1527264
56,Q850210
56,Q42962
56,Q11432
56,Q10289
56,Q253054
57,Q783794
57,Q2761147
57,Q1196314
57,Q381136
57,Q399476
57,Q29947926
57,Q225590
57,Q181201
57,Q233272
57,Q1660986
57,Q564046
57,Q367026
57,Q4781747
58,Q783794
58,Q381136
58,Q399476
58,Q29947926
58,Q1371819
58,Q11471
58,Q225590
58,Q181201
58,Q250058
58,Q309314
58,Q7231827
58,Q1369832
59,Q577
59,Q225590
59,Q2112047
59,Q1692143
59,Q415967
60,Q225590
60,Q399857
60,Q564046
61,Q783794
61,Q1196314
61,Q417488
61,Q1277907
61,Q29947926
61,Q1371819
61,Q4290
61,Q2082178
61,Q706622
61,Q1411242
61,Q417861
62,Q783794
62,Q29947926
62,Q22687
62,Q2082178
62,Q7188
62,Q1369832
62,Q5410500
63,Q399476
63,Q6495050
63,Q424707
63,Q2002118
63,Q16877945
63,Q398902
64,Q29947926
64,Q4781747
65,Q225590
65,Q181201
65,Q399857
66,Q399476
66,Q424707
66,Q16903610
67,Q225590
67,Q181201
67,Q399857
68,Q181201
69,Q399476
69,Q29947926
69,Q8161
69,Q225590
69,Q424707
69,Q2995644
69,Q1527264
69,Q225229
70,Q29947926
70,Q6495050
70,Q577
70,Q1487317
70,Q16278392
70,Q10870555
70,Q1184933
71,Q8161
71,Q424707
71,Q2002118
73,Q29947926
73,Q1487317
73,Q16278392
73,Q3984436
73,Q1247670
73,Q7922640
73,Q779859
74,Q95124485
74,Q783794
74,Q29947926
75,Q399476
75,Q29947926
75,Q424707
75,Q2995644
75,Q2002118
76,Q160151
77,Q29947926
77,Q160151
77,Q564046
77,Q42962
77,Q93288
77,Q407056
77,Q1196645
78,Q783794
78,Q160151
78,Q348420
78,Q564046
78,Q42962
78,Q210804
78,Q93288
78,Q178506
78,Q5189833
79,Q29947926
80,Q1196314
80,Q399476
80,Q58778
80,Q2112047
80,Q1624408
80,Q850210
80,Q416020
80,Q474704
82,Q1196314
82,Q225590
82,Q2112047
82,Q1692143
82,Q233272
82,Q2002118
83,Q209577
83,Q29947926
83,Q577
83,Q225590
83,Q2112047
83,Q1692143
83,Q2002118
83,Q415967
83,Q42848
83,Q7096561
84,Q29947926
84,Q577
84,Q693464
84,Q5189153
84,Q850210
84,Q5249659
84,Q340383
84,Q253054
84,Q791801
84,Q22656
85,Q225590
85,Q2112047
85,Q1692143
85,Q2002118
86,Q783794
86,Q1196314
86,Q268146
86,Q381136
86,Q399476
86,Q1371819
86,Q225590
86,Q181201
86,Q420708
86,Q233272
86,Q693464
86,Q1660986
86,Q225802
86,Q3196867
86,Q706622
86,Q43015
86,Q96389934
87,Q1277907
87,Q414241
87,Q29947926
87,Q577
87,Q764844
87,Q346589
87,Q399857
87,Q159810
87,Q170924
87,Q599151
87,Q575724
87,Q11229
87,Q99751643
87,Q16831479
87,Q3984436
87,Q224772
87,Q7188
87,Q321839
87,Q730920
87,Q409814
87,Q20659690
87,Q178706
87,Q15622206
88,Q577
88,Q346589
88,Q170924
88,Q11229
88,Q99751643
88,Q3984436
88,Q19689241
88,Q1247982
88,Q10756188
89,Q783794
89,Q2761147
89,Q399476
89,Q1277907
89,Q29947926
89,Q160151
89,Q5669212
89,Q5151
89,Q348420
89,Q225802
89,Q3196867
89,Q6256
89,Q23387
89,Q251898
89,Q42962
89,Q39552
89,Q10289
89,Q224772
89,Q663143
89,Q16502
89,Q5189833
89,Q7602551
89,Q346146
89,Q3536375
89,Q970793
89,Q437587
89,Q202069
89,Q6266
89,Q27887
89,Q265158
89,Q235028
90,Q577
90,Q160151
90,Q5326939
90,Q35140
90,Q346589
90,Q5151
90,Q350108
90,Q159810
90,Q233646
90,Q599151
90,Q62955
90,Q601401
90,Q182722
90,Q6256
90,Q8142
90,Q1911050
90,Q850210
90,Q251898
90,Q99751643
90,Q4402708
90,Q42962
90,Q654302
90,Q4290
90,Q11427
90,Q10870555
90,Q7188
90,Q16502
90,Q22656
90,Q15622206
90,Q235028
90,Q20033
90,Q227911
90,Q1314
90,Q340406
90,Q11052334
90,Q398496
91,Q2761147
91,Q1277907
91,Q29947926
91,Q1371819
91,Q160151
91,Q764844
91,Q346589
91,Q5151
91,Q601401
91,Q5249503
91,Q14083
91,Q23387
91,Q240734
91,Q251898
91,Q42962
91,Q224772
91,Q3536375
92,Q577
92,Q160151
92,Q5151
92,Q348420
92,Q1456029
92,Q6256
92,Q232576
92,Q573
92,Q5249503
92,Q850210
92,Q42962
92,Q672154
92,Q2526135
92,Q10289
92,Q41263
92,Q7188
92,Q16502
92,Q2042052
92,Q253054
92,Q791801
92,Q178706
92,Q12147
92,Q2251595
92,Q13516686
92,Q5483798
92,Q401277
92,Q2682765
92,Q11024
92,Q283
92,Q221706
93,Q3916071
93,Q783794
93,Q1196314
93,Q399476
93,Q1277907
93,Q160151
93,Q189539
93,Q601401
93,Q22687
93,Q3196867
93,Q6256
93,Q340724
93,Q42962
93,Q783794
93,Q3984436
93,Q340383
93,Q416020
93,Q1247982
93,Q346146
93,Q1314
93,Q225829
93,Q557880
93,Q8436
93,Q297869
93,Q1368
93,Q257022
93,Q683365
93,Q400001
94,Q2761147
94,Q417488
94,Q209577
94,Q1277907
94,Q29947926
94,Q577
94,Q160151
94,Q5669212
94,Q573
94,Q232353
94,Q42962
94,Q654302
94,Q39552
94,Q10289
94,Q16502
94,Q2042052
94,Q3536375
94,Q437587
94,Q27887
94,Q265158
94,Q1314
94,Q221706
94,Q342425
94,Q1341387
94,Q339410
95,Q29947926
95,Q58778
95,Q346589
95,Q5151
95,Q63532478
95,Q22687
95,Q8142
95,Q14083
95,Q4402708
95,Q16831479
95,Q7188
95,Q416020
95,Q202069
95,Q227911
95,Q6807738
95,Q177923
96,Q783794
96,Q29947926
96,Q577
96,Q1692143
96,Q783794
96,Q11427
96,Q224772
96,Q8146
96,Q17221
97,Q29947926
97,Q577
97,Q346589
97,Q62955
97,Q3505433
97,Q182722
97,Q573
97,Q14083
97,Q672154
97,Q8146
98,Q95124485
98,Q1277907
98,Q414241
98,Q29947926
98,Q6495050
98,Q160151
98,Q5151
98,Q2995644
98,Q182722
98,Q6256
98,Q16220058
98,Q573
98,Q23387
98,Q251898
98,Q4402708
98,Q42962
98,Q654302
98,Q3984436
98,Q20655516
98,Q10289
98,Q224772
98,Q663143
98,Q2042052
98,Q22656
98,Q437587
98,Q6266
98,Q340406
98,Q342425
98,Q339410
98,Q202785
98,Q398
98,Q246166
99,Q3916071
99,Q783794
99,Q209577
99,Q29947926
99,Q1371819
99,Q6495050
99,Q577
99,Q8161
99,Q2112047
99,Q4830453
99,Q340724
99,Q42240
99,Q672154
99,Q4290
99,Q352850
99,Q5249659
99,Q252022
99,Q8146
99,Q17221
99,Q983927
99,Q418
99,Q413593
100,Q783794
100,Q29947926
100,Q11471
100,Q342078
100,Q6256
100,Q783794
100,Q253338
100,Q43015
100,Q44782
101,Q399476
101,Q1474278
102,Q399476
102,Q577
102,Q424707
102,Q181201
102,Q5326939
102,Q1247982
102,Q420328
102,Q409597
102,Q224006
103,Q783794
103,Q381136
103,Q399476
103,Q780687
103,Q240673
103,Q577
103,Q160151
103,Q5669212
103,Q4830453
103,Q564046
103,Q170924
103,Q1456029
103,Q342078
103,Q11023
103,Q654302
103,Q783794
103,Q397164
103,Q2082178
103,Q1308239
103,Q779859
103,Q557880
103,Q297869
103,Q189760
103,Q408711
103,Q107885
103,Q1400881
103,Q37507
103,Q601401
103,Q241636
103,Q2113442
104,Q3916071
104,Q1196314
104,Q399476
104,Q29947926
104,Q189539
104,Q1474278
104,Q1456029
104,Q1487317
104,Q11432
104,Q3984436
104,Q2082178
104,Q1651094
104,Q406248
104,Q230266
105,Q29947926
105,Q6495050
105,Q577
105,Q46737
105,Q2112047
105,Q693464
105,Q170924
105,Q1911050
105,Q1651094
106,Q240673
106,Q29947926
106,Q6495050
106,Q577
106,Q2112047
106,Q5326939
106,Q35140
106,Q346589
106,Q4830453
106,Q170924
106,Q1456029
106,Q42240
106,Q14083
106,Q4402708
106,Q783794
106,Q416020
106,Q178706
106,Q227911
106,Q1314
106,Q11052334
106,Q398496
106,Q400001
106,Q8146
106,Q413593
107,Q2761147
107,Q1277907
107,Q577
107,Q11471
107,Q764844
107,Q346589
107,Q170924
107,Q599151
107,Q11229
107,Q99751643
107,Q252022
107,Q221706
107,Q1368
107,Q2114394
108,Q783794
108,Q399476
108,Q1277907
108,Q29947926
108,Q68
108,Q577
108,Q420708
108,Q5326939
108,Q9705
108,Q5151
108,Q4830453
108,Q573
108,Q1527264
108,Q1487317
108,Q23387
108,Q160117
108,Q2526135
108,Q352850
108,Q12823105
108,Q7188
108,Q225829
108,Q246166
108,Q406248
108,Q160117
109,Q783794
109,Q1277907
109,Q6495050
109,Q577
109,Q2112047
109,Q4830453
109,Q352850
109,Q342425
110,Q29947926
110,Q601401
110,Q398902
110,Q7188
110,Q1156854
111,Q1277907
111,Q68
111,Q6495050
111,Q577
111,Q11471
111,Q5151
111,Q2995644
111,Q159810
111,Q599151
111,Q62955
111,Q601401
111,Q3505433
111,Q6256
111,Q16220058
111,Q573
111,Q397392
111,Q14083
111,Q23387
111,Q251898
111,Q4402708
111,Q39552
111,Q4290
111,Q414987
111,Q299964
111,Q41263
111,Q7188
111,Q1156854
111,Q1247982
111,Q178706
111,Q202069
111,Q265158
111,Q2682765
111,Q257022
111,Q8146
111,Q601401
111,Q438399
111,Q52943
111,Q3276328
111,Q304157
111,Q182076
112,Q2761147
112,Q399476
112,Q417488
112,Q1277907
112,Q29947926
112,Q577
112,Q5151
112,Q1660986
112,Q672154
112,Q16502
112,Q1247982
112,Q289
112,Q1235072
112,Q140686
113,Q160151
113,Q348420
113,Q599151
113,Q232353
113,Q42962
113,Q20033
113,Q6807738
114,Q1277907
114,Q29947926
114,Q160151
114,Q232353
114,Q42962
114,Q10289
114,Q16502
114,Q2042052
114,Q1314
114,Q221706
114,Q1341387
114,Q339410
115,Q2761147
115,Q29947926
115,Q160151
115,Q5669212
115,Q23387
115,Q42962
115,Q16502
115,Q7602551
115,Q3536375
115,Q970793
115,Q437587
115,Q202069
115,Q6266
116,Q95124485
116,Q1277907
116,Q577
116,Q233646
116,Q601401
116,Q62955
116,Q601401
116,Q3505433
116,Q182722
116,Q397392
116,Q3984436
116,Q299964
116,Q253054
116,Q20659690
116,Q20033
116,Q342425
117,Q95124485
117,Q783794
117,Q1196314
117,Q381136
117,Q399476
117,Q209577
117,Q1277907
117,Q6495050
117,Q577
117,Q8161
117,Q46737
117,Q424707
117,Q2112047
117,Q181201
117,Q5326939
117,Q2995644
117,Q564046
117,Q159810
117,Q170924
117,Q233646
117,Q601401
117,Q601401
117,Q182722
117,Q340724
117,Q398902
117,Q39552
117,Q4290
117,Q7188
117,Q416020
117,Q1247982
117,Q11052334
117,Q2682765
117,Q409597
117,Q224006
117,Q1400881
117,Q241636
117,Q973405
117,Q27686
117,Q229949
117,Q691315
118,Q95124485
118,Q1196314
118,Q399476
118,Q1277907
118,Q29947926
118,Q68
118,Q58778
118,Q11016
118,Q2112047
118,Q342078
118,Q850210
118,Q783794
119,Q3916071
119,Q783794
119,Q1196314
119,Q1277907
119,Q414241
119,Q29947926
119,Q1371819
119,Q577
119,Q160151
119,Q8161
119,Q420708
119,Q5669212
119,Q5326939
119,Q693464
119,Q233646
119,Q2920921
119,Q1456029
119,Q5189153
119,Q232576
119,Q573
119,Q1487317
119,Q209577
119,Q23387
119,Q783794
119,Q160117
119,Q61022630
119,Q283308
119,Q2526135
119,Q299964
119,Q878352
119,Q2082178
119,Q20033
119,Q17221
119,Q107885
119,Q52943
119,Q973405
119,Q10953930
119,Q190258
119,Q17110160
120,Q399476
120,Q29947926
120,Q189539
120,Q420708
120,Q1474278
120,Q22687
120,Q398902
120,Q16831479
120,Q299964
120,Q230266
120,Q95377384
120,Q237054
121,Q783794
121,Q2761147
121,Q381136
121,Q3708947
121,Q414241
121,Q1371819
121,Q348420
121,Q2002118
121,Q170924
121,Q3196867
121,Q1487317
121,Q16278392
121,Q1184933
122,Q783794
122,Q399476
122,Q29947926
123,Q783794
123,Q1196314
123,Q381136
123,Q399476
123,Q417488
123,Q209577
123,Q29947926
123,Q6495050
123,Q577
123,Q452800
123,Q160151
123,Q420708
123,Q5669212
123,Q693464
123,Q4830453
123,Q1474278
123,Q2920921
123,Q342078
123,Q3196867
123,Q573
123,Q1487317
123,Q16278392
123,Q658255
123,Q279242
123,Q731112
123,Q16831479
123,Q3984436
123,Q61022630
123,Q2526135
123,Q309314
123,Q17221
123,Q230266
123,Q1235072
123,Q7261370
123,Q1378829
123,Q190685
123,Q1416898
123,Q344
123,Q1780244
124,Q783794
124,Q209577
124,Q1210094
124,Q3984436
124,Q1369832
124,Q342425
125,Q783794
125,Q6495050
125,Q577
125,Q2112047
125,Q654302
125,Q1403377
126,Q29947926
126,Q1400881
126,Q27686
126,Q863362
126,Q24384
127,Q783794
127,Q2761147
127,Q1196314
127,Q381136
127,Q399476
127,Q780687
127,Q29947926
127,Q1371819
127,Q577
127,Q181201
127,Q5189153
127,Q19689241
127,Q1247982
127,Q683365
127,Q189760
127,Q1403377
128,Q5879690
128,Q2844542
129,Q399476
129,Q1369832
129,Q1651094
130,Q29947926
130,Q225590
130,Q424707
130,Q1692143
130,Q672154
130,Q415967
130,Q7096561
131,Q29947926
131,Q8161
131,Q2112047
131,Q693464
131,Q573
131,Q1911050
131,Q11023
131,Q654302
131,Q3984436
131,Q779859
131,Q408711
131,Q1651094
132,Q783794
132,Q1196314
132,Q1277907
132,Q29947926
132,Q6495050
132,Q577
132,Q424707
132,Q2112047
132,Q181201
132,Q5326939
132,Q233272
132,Q693464
132,Q2995644
132,Q564046
132,Q233646
132,Q182722
132,Q4402708
132,Q783794
132,Q7188
132,Q1247982
132,Q409597
132,Q224006
132,Q1400881
132,Q140686
132,Q27686
132,Q9922
132,Q2534388
133,Q225590
134,Q783794
134,Q1196314
134,Q381136
134,Q399476
134,Q1371819
134,Q5879690
134,Q693464
134,Q346589
134,Q1660986
134,Q348420
134,Q3
134,Q170924
134,Q1474278
134,Q2920921
134,Q5189153
134,Q731112
134,Q265158
134,Q342425
134,Q17221
134,Q2844542
134,Q865588
135,Q1196314
135,Q225590
135,Q181201
135,Q233272
136,Q1196314
136,Q416020
137,Q6495050
137,Q577
139,Q783794
139,Q2761147
139,Q381136
139,Q399476
139,Q3708947
139,Q160151
139,Q5151
139,Q1474278
139,Q279242
139,Q61022630
139,Q230266
139,Q4323994
140,Q1196314
140,Q3708947
140,Q181201
140,Q233272
140,Q399857
140,Q2920921
141,Q399476
141,Q11016
141,Q225590
141,Q181201
142,Q1196314
142,Q181201
142,Q283
143,Q399476
143,Q225590
143,Q181201
144,Q783794
144,Q1196314
144,Q381136
144,Q399476
144,Q209577
144,Q29947926
144,Q577
144,Q8161
144,Q1437134
144,Q232576
144,Q850210
144,Q658255
144,Q397164
144,Q416020
144,Q16502
144,Q4781747
144,Q342425
144,Q3230
144,Q410664
145,Q95124485
145,Q783794
145,Q240673
145,Q29947926
145,Q577
145,Q1692143
145,Q5151
145,Q232576
145,Q209577
145,Q850210
145,Q225229
145,Q417861
145,Q265158
146,Q29947926
146,Q1692143
147,Q399476
147,Q783794
147,Q1247982
148,Q783794
148,Q399476
148,Q209577
148,Q29947926
148,Q6495050
148,Q577
148,Q1692143
148,Q181201
148,Q399857
148,Q564046
148,Q16877945
148,Q16903610
149,Q399476
149,Q209577
149,Q29947926
149,Q6495050
149,Q577
149,Q1692143
149,Q1437134
149,Q77076
149,Q2002118
149,Q16877945
149,Q210804
150,Q29947926
150,Q181201
150,Q399857
151,Q1196314
151,Q399476
151,Q58778
151,Q11016
151,Q160151
151,Q693464
151,Q350108
151,Q1474278
151,Q342078
151,Q1487317
151,Q279242
151,Q731112
151,Q1369832
151,Q27887
151,Q408711
151,Q230266
151,Q83877
152,Q783794
152,Q399476
152,Q209577
152,Q6495050
152,Q424707
152,Q1692143
152,Q1437134
152,Q5326939
152,Q348420
152,Q3196867
152,Q209577
152,Q16831479
152,Q11427
152,Q768396
152,Q96389934
152,Q1376796
152,Q21507202
153,Q3916071
153,Q3708947
153,Q46737
153,Q1474278
153,Q2920921
153,Q5189153
153,Q16831479
153,Q1369832
153,Q265158
153,Q408711
154,Q783794
154,Q29947926
154,Q6495050
154,Q2112047
154,Q2002118
155,Q783794
155,Q29947926
155,Q6495050
155,Q2112047
155,Q2002118
156,Q1474278
156,Q342425
157,Q783794
157,Q6495050
157,Q577
157,Q1437134
157,Q170924
157,Q2920921
157,Q279242
157,Q2526135
157,Q342425
157,Q160117
158,Q2761147
158,Q381136
158,Q399476
158,Q397392
158,Q731112
158,Q231931
159,Q29947926
159,Q279242
159,Q400001
160,Q399476
160,Q29947926
160,Q577
160,Q8161
160,Q424707
160,Q1437134
160,Q233272
160,Q4290
160,Q16903610
160,Q182076
161,Q225590
162,Q29947926
162,Q6495050
162,Q577
162,Q2004493
163,Q160151
163,Q42962
164,Q29947926
164,Q225590
164,Q181201
164,Q399857
165,Q3916071
165,Q1196314
165,Q29947926
165,Q424707
165,Q1527264
167,Q29947926
167,Q6495050
167,Q3984436
167,Q12823105
167,Q346146
167,Q7070218
168,Q29947926
168,Q181201
168,Q1527264
168,Q672154
168,Q298971
168,Q226283
169,Q783794
169,Q414241
169,Q29947926
169,Q1371819
169,Q420708
169,Q1660986
169,Q4830453
169,Q225802
169,Q575724
169,Q1487317
169,Q16278392
169,Q1369832
169,Q438399
169,Q3049084
169,Q9747
170,Q783794
170,Q29947926
170,Q340724
170,Q783794
170,Q3984436
170,Q400001
170,Q246166
170,Q863362
170,Q24384
171,Q1196314
171,Q399476
171,Q225590
171,Q181201
171,Q233272
171,Q1660986
171,Q399857
171,Q1624408
172,Q5151
173,Q29947926
173,Q6495050
173,Q577
173,Q225590
173,Q2112047
173,Q1692143
173,Q16877945
173,Q1400881
174,Q400416
174,Q577
174,Q160151
174,Q159810
174,Q62955
174,Q340724
174,Q42240
174,Q42962
174,Q654302
174,Q414987
174,Q10289
174,Q340383
174,Q1156854
174,Q253054
174,Q20033
174,Q297869
174,Q413593
174,Q9747
175,Q29947926
175,Q6495050
175,Q577
175,Q8161
175,Q424707
175,Q2112047
175,Q1692143
175,Q1437134
175,Q4830453
175,Q16877945
175,Q4290
175,Q16903610
175,Q7096561
175,Q182076
176,Q399476
176,Q29947926
176,Q225590
176,Q424707
176,Q4290
176,Q1400881
177,Q783794
177,Q1196314
177,Q381136
177,Q399476
177,Q240673
177,Q414241
177,Q29947926
177,Q693464
177,Q5151
177,Q348420
177,Q353342
177,Q1474278
177,Q2920921
177,Q342078
177,Q3196867
177,Q5189153
177,Q658255
177,Q23387
177,Q654302
177,Q731112
177,Q2526135
177,Q417861
177,Q7231827
177,Q1184933
177,Q557880
177,Q408711
177,Q230266
177,Q3276328
177,Q1416898
177,Q2844542
177,Q6055890
177,Q1179254
177,Q423667
177,Q5152896
177,Q7285081
178,Q783794
178,Q29947926
178,Q348420
178,Q10870555
178,Q202069
178,Q17221
178,Q10953930
179,Q29947926
179,Q6495050
179,Q2920921
179,Q1554231
180,Q400416
180,Q577
180,Q160151
180,Q159810
180,Q62955
180,Q340724
180,Q42240
180,Q42962
180,Q654302
180,Q414987
180,Q397164
180,Q10289
180,Q340383
180,Q1156854
180,Q253054
180,Q6266
180,Q20033
180,Q297869
180,Q413593
180,Q9747
180,Q133279
181,Q783794
181,Q1277907
181,Q29947926
181,Q11016
181,Q420708
181,Q4830453
181,Q233646
181,Q340724
181,Q414987
181,Q1554231
181,Q227388
182,Q29947926
182,Q1371819
182,Q6495050
182,Q2112047
182,Q1692143
182,Q2995644
182,Q22687
182,Q1487317
182,Q182076
183,Q29947926
183,Q181201
183,Q399857
183,Q564046
183,Q20659690
184,Q29947926
184,Q399857
184,Q564046
184,Q1527264
184,Q16831479
185,Q29947926
185,Q399857
185,Q564046
185,Q1527264
185,Q16831479
186,Q160151
187,Q29947926
187,Q399857
187,Q564046
187,Q1527264
187,Q16831479
188,Q29947926
188,Q399857
188,Q564046
188,Q1527264
188,Q16831479
189,Q29947926
189,Q225590
189,Q399857
189,Q564046
190,Q225590
190,Q399857
190,Q564046
190,Q235028
191,Q29947926
191,Q577
191,Q348420
191,Q1474278
191,Q573
191,Q43229
191,Q202069
191,Q227911
191,Q17221
191,Q10953930
191,Q227388
191,Q656365
192,Q29947926
192,Q399857
192,Q110
193,Q3916071
193,Q783794
193,Q209577
193,Q29947926
193,Q1371819
193,Q6495050
193,Q577
193,Q2112047
193,Q4830453
193,Q340724
193,Q42240
193,Q672154
193,Q4290
193,Q352850
193,Q8146
193,Q413593
195,Q29947926
195,Q399857
195,Q564046
196,Q29947926
196,Q225590
196,Q1692143
196,Q181201
196,Q1437134
196,Q5326939
196,Q5151
196,Q8142
197,Q29947926
197,Q399857
197,Q232576
198,Q783794
198,Q29947926
198,Q189539
199,Q6495050
200,Q225590
200,Q1692143
201,Q225590
201,Q16877945
202,Q399857
203,Q209577
203,Q29947926
203,Q577
203,Q1692143
203,Q77076
203,Q2002118
203,Q1527264
203,Q7096561
204,Q577
204,Q225590
204,Q1692143
204,Q415967
205,Q399476
205,Q209577
205,Q29947926
205,Q2112047
205,Q5326939
205,Q1456029
205,Q1527264
205,Q209577
205,Q850210
206,Q783794
206,Q226455
206,Q29947926
206,Q160151
206,Q1487317
206,Q42962
206,Q227388
207,Q783794
207,Q1196314
207,Q381136
207,Q399476
207,Q29947926
207,Q1371819
207,Q11471
207,Q693464
207,Q4830453
207,Q2920921
207,Q342078
207,Q23387
207,Q654302
207,Q783794
207,Q4290
207,Q417861
207,Q1247982
207,Q202069
207,Q12147
207,Q52943
207,Q1235072
207,Q1416898
207,Q1196501
207,Q230037
207,Q131408
208,Q225590
208,Q564046
209,Q783794
209,Q399476
209,Q417488
209,Q29947926
209,Q1624408
209,Q1474278
209,Q573
209,Q4781747
209,Q408711
209,Q1651094
210,Q399476
210,Q29947926
210,Q399857
210,Q170924
210,Q110
211,Q29947926
211,Q6495050
211,Q2112047
211,Q1692143
211,Q2995644
211,Q22687
211,Q1487317
211,Q182076
212,Q783794
212,Q2761147
212,Q381136
212,Q399476
212,Q780687
212,Q29947926
212,Q6495050
212,Q46737
212,Q170924
212,Q225802
212,Q4781747
212,Q289
213,Q783794
213,Q29947926
213,Q577
213,Q1692143
213,Q348420
213,Q2995644
213,Q850210
214,Q29947926
214,Q5151
214,Q4830453
214,Q5189153
214,Q1487317
214,Q11023
214,Q1794067
214,Q210804
214,Q1247670
214,Q779859
215,Q29947926
215,Q399857
215,Q564046
216,Q1196314
216,Q3708947
216,Q29947926
216,Q181201
216,Q233272
216,Q346589
216,Q1660986
216,Q399857
216,Q367026
216,Q406248
217,Q11471
217,Q225590
217,Q424707
217,Q2995644
217,Q2002118
218,Q399476
218,Q29947926
218,Q420708
218,Q1474278
218,Q230266
219,Q95124485
219,Q399476
219,Q29947926
219,Q5151
219,Q226283
221,Q783794
221,Q417488
221,Q29947926
221,Q1371819
221,Q577
221,Q3679160
221,Q1474278
221,Q3276328
221,Q342078
221,Q6256
221,Q11023
221,Q658255
221,Q93288
221,Q7188
221,Q16502
221,Q7922640
221,Q283
221,Q1002975
221,Q43183
222,Q783794
222,Q5151
222,Q15622206
222,Q202069
223,Q209577
223,Q577
223,Q8161
223,Q225590
223,Q424707
223,Q2112047
223,Q1692143
223,Q16877945
224,Q783794
224,Q209577
224,Q5879690
224,Q1474278
224,Q1487317
224,Q20655516
224,Q265158
224,Q6055890
225,Q209577
225,Q6495050
225,Q2995644
225,Q2002118
226,Q3916071
226,Q29947926
226,Q348420
226,Q232576
226,Q1527264
226,Q210804
226,Q178706
226,Q226283
227,Q342078
228,Q29947926
228,Q8161
228,Q564046
228,Q1527264
228,Q16831479
228,Q235028
229,Q29947926
229,Q8161
229,Q564046
229,Q1527264
229,Q16831479
229,Q235028
230,Q29947926
230,Q8161
230,Q564046
230,Q1527264
230,Q16831479
230,Q235028
231,Q29947926
231,Q8161
231,Q564046
231,Q1527264
231,Q16831479
232,Q29947926
232,Q564046
232,Q1527264
232,Q16831479
232,Q235028
233,Q95124485
233,Q783794
233,Q399476
233,Q1277907
233,Q29947926
233,Q6495050
233,Q577
233,Q8161
233,Q5326939
233,Q2095
233,Q350108
233,Q233646
233,Q182722
233,Q16220058
233,Q1527264
233,Q14083
233,Q61022630
233,Q5249659
233,Q252022
233,Q4781747
233,Q304157
233,Q21487971
235,Q225590
235,Q2112047
235,Q1692143
235,Q415967
236,Q29947926
236,Q564046
236,Q1527264
236,Q16831479
236,Q235028
237,Q29947926
237,Q8161
237,Q564046
237,Q1527264
237,Q16831479
237,Q235028
238,Q29947926
238,Q8161
238,Q564046
238,Q1527264
238,Q16831479
238,Q235028
239,Q1196314
239,Q29947926
239,Q6495050
239,Q11016
239,Q693464
239,Q3196867
239,Q3984436
239,Q416020
239,Q342425
240,Q226455
240,Q1277907
240,Q29947926
240,Q160151
240,Q5669212
240,Q693464
240,Q1660986
240,Q170924
240,Q601401
240,Q599151
240,Q573
240,Q279242
240,Q11379
240,Q42962
240,Q299964
240,Q17221
240,Q768396
240,Q252022
240,Q253338
240,Q416020
240,Q16502
240,Q3536375
240,Q140686
240,Q95377384
240,Q344
240,Q230037
240,Q1624316
241,Q783794
241,Q1196314
241,Q399476
241,Q29947926
241,Q2112047
241,Q1692143
241,Q1437134
241,Q420708
241,Q348420
241,Q350108
241,Q601401
241,Q601401
241,Q654302
241,Q672154
241,Q4290
241,Q16644043
241,Q1166374
242,Q181201
242,Q235028
244,Q209577
244,Q29947926
244,Q420708
244,Q4830453
244,Q3984436
244,Q5135431
244,Q265158
244,Q342425
245,Q783794
245,Q1196314
245,Q381136
245,Q399476
245,Q3708947
245,Q29947926
245,Q1371819
245,Q577
245,Q452800
245,Q160151
245,Q225590
245,Q1437134
245,Q420708
245,Q5669212
245,Q5326939
245,Q693464
245,Q346589
245,Q348420
245,Q1624408
245,Q170924
245,Q353342
245,Q1474278
245,Q2920921
245,Q3196867
245,Q5189153
245,Q232576
245,Q16220058
245,Q573
245,Q397392
245,Q1911050
245,Q23387
245,Q654302
245,Q731112
245,Q783794
245,Q3984436
245,Q1247982
245,Q309314
245,Q7231827
245,Q1247670
245,Q557880
245,Q230266
245,Q3276328
245,Q289
245,Q973405
245,Q10953930
245,Q2844542
245,Q2534388
245,Q423667
245,Q199
246,Q29947926
246,Q577
246,Q225590
246,Q1692143
246,Q42848
246,Q182076
247,Q1277907
247,Q29947926
247,Q6495050
247,Q11471
247,Q601401
247,Q182722
247,Q6256
247,Q251898
247,Q654302
247,Q340383
247,Q663143
247,Q321839
247,Q1156854
247,Q16502
247,Q1247982
247,Q202069
247,Q246166
247,Q418
247,Q973405
247,Q43183
247,Q22687
248,Q181201
248,Q564046
249,Q783794
249,Q381136
249,Q399476
249,Q1277907
249,Q29947926
249,Q68
249,Q1371819
249,Q693464
249,Q170924
249,Q279242
249,Q253338
249,Q406248
249,Q253338
250,Q414241
250,Q29947926
250,Q1371819
250,Q22687
250,Q8142
250,Q4781747
251,Q399476
251,Q29947926
251,Q577
251,Q8161
251,Q225590
251,Q346589
251,Q2995644
251,Q2002118
251,Q3
251,Q209577
251,Q16877945
251,Q1156854
251,Q43183
252,Q29947926
252,Q577
252,Q225590
252,Q2112047
252,Q1692143
252,Q2002118
252,Q209577
252,Q7096561
253,Q783794
253,Q1196314
253,Q268146
253,Q381136
253,Q399476
253,Q780687
253,Q29947926
253,Q1371819
253,Q181201
253,Q1474278
253,Q225802
253,Q1416898
254,Q783794
254,Q29947926
254,Q11471
254,Q4830453
254,Q170924
254,Q1474278
254,Q3984436
254,Q52943
254,Q2534388
254,Q968112
255,Q577
255,Q225590
255,Q2112047
255,Q1692143
256,Q95124485
256,Q6495050
256,Q420708
256,Q1487317
256,Q3984436
256,Q27887
256,Q12147
257,Q399476
257,Q29947926
257,Q232353
257,Q10870555
257,Q16502
257,Q17221
257,Q10953930
258,Q577
258,Q11471
258,Q1692143
258,Q170924
258,Q42962
258,Q11432
258,Q415967
259,Q783794
259,Q414241
259,Q29947926
259,Q1371819
259,Q6495050
259,Q342425
260,Q1196314
260,Q399476
260,Q240673
260,Q29947926
260,Q1371819
260,Q6495050
260,Q577
260,Q8161
260,Q424707
260,Q181201
260,Q5326939
260,Q2995644
260,Q16220058
260,Q1487317
260,Q209577
260,Q4290
260,Q96389934
260,Q1376796
261,Q420708
262,Q783794
262,Q1196314
262,Q381136
262,Q399476
262,Q240673
262,Q1371819
262,Q577
262,Q1692143
262,Q1437134
262,Q5669212
262,Q5326939
262,Q35140
262,Q693464
262,Q348420
262,Q4830453
262,Q1474278
262,Q2920921
262,Q342078
262,Q99751643
262,Q279242
262,Q654302
262,Q783794
262,Q4290
262,Q414987
262,Q1794067
262,Q417861
262,Q730920
262,Q340406
262,Q557880
262,Q8436
262,Q17221
262,Q52943
262,Q1235072
262,Q10953930
262,Q1416898
262,Q2534388
262,Q3049084
262,Q6055890
262,Q131408
262,Q22687
262,Q227155
262,Q407077
264,Q783794
264,Q29947926
264,Q420708
265,Q2112047
265,Q1692143
265,Q415967
266,Q783794
266,Q209577
266,Q414241
266,Q29947926
266,Q6495050
266,Q46737
266,Q693464
266,Q3196867
266,Q232576
266,Q1487317
266,Q3984436
266,Q11427
266,Q768396
266,Q20659690
266,Q342425
266,Q1376796
266,Q223832
267,Q783794
267,Q29947926
267,Q2095
267,Q2920921
267,Q232576
267,Q1487317
267,Q82799
267,Q3984436
268,Q29947926
268,Q1487317
268,Q731112
268,Q342425
269,Q783794
269,Q1196314
269,Q381136
269,Q399476
269,Q29947926
269,Q6495050
269,Q452800
269,Q160151
269,Q5669212
269,Q693464
269,Q348420
269,Q1474278
269,Q3276328
269,Q601401
269,Q658255
269,Q23387
269,Q279242
269,Q224772
269,Q342425
269,Q17221
269,Q107885
269,Q7261370
270,Q577
271,Q1196314
271,Q399476
271,Q29947926
271,Q424707
271,Q233272
271,Q42848
272,Q225590
272,Q181201
272,Q399857
273,Q783794
273,Q577
273,Q82799
274,Q225590
274,Q1692143
275,Q399476
275,Q29947926
275,Q577
275,Q8161
275,Q225590
275,Q2112047
275,Q1692143
275,Q2002118
275,Q16877945
275,Q182076
277,Q1277907
277,Q29947926
277,Q348420
277,Q182722
277,Q654302
277,Q1369832
277,Q344
278,Q1277907
278,Q29947926
278,Q5669212
278,Q1660986
278,Q170924
278,Q279242
278,Q11379
278,Q42962
278,Q17221
278,Q416020
278,Q3536375
278,Q344
279,Q226455
279,Q209577
279,Q29947926
279,Q11016
279,Q2095
279,Q1487317
279,Q3984436
279,Q299964
279,Q342425
280,Q381136
280,Q399476
280,Q29947926
280,Q5151
280,Q225802
280,Q1527264
280,Q683365
280,Q226283
281,Q381136
281,Q399476
281,Q5151
281,Q225802
281,Q1527264
281,Q226283
282,Q6495050
282,Q16877945
283,Q783794
283,Q1277907
283,Q29947926
283,Q1437134
283,Q1487317
283,Q16278392
283,Q5135431
283,Q663143
283,Q779859
283,Q342425
284,Q29947926
284,Q225590
284,Q399857
285,Q780687
285,Q29947926
285,Q348420
285,Q1456029
285,Q23387
285,Q42962
285,Q299964
285,Q7188
285,Q342425
285,Q17221
285,Q241636
285,Q973405
286,Q783794
286,Q1196314
286,Q399476
286,Q783794
286,Q4290
286,Q706622
286,Q557880
286,Q246166
286,Q43183
287,Q1196314
287,Q399476
287,Q209577
287,Q577
287,Q8161
287,Q225590
287,Q2112047
287,Q1692143
287,Q181201
287,Q77076
287,Q42962
287,Q11432
287,Q4290
287,Q42848
287,Q7096561
287,Q346146
287,Q182076
288,Q3916071
288,Q783794
288,Q1196314
288,Q381136
288,Q209577
288,Q6495050
288,Q1624408
288,Q4830453
288,Q2002118
288,Q233646
288,Q16831479
288,Q61022630
288,Q6055890
289,Q399476
289,Q160151
289,Q2920921
289,Q783794
289,Q4290
289,Q2082178
289,Q202069
289,Q189760
289,Q52943
291,Q577
291,Q225590
291,Q2112047
291,Q1692143
291,Q415967
292,Q1196314
292,Q399476
292,Q780687
292,Q29947926
292,Q348420
292,Q1369832
292,Q1416898
293,Q381136
293,Q399476
293,Q29947926
293,Q1371819
293,Q3679160
293,Q1624408
293,Q658255
293,Q731112
293,Q4781747
293,Q189760
294,Q399476
294,Q160151
294,Q16831479
294,Q783794
294,Q4290
294,Q2082178
294,Q417861
294,Q1624316
295,Q29947926
295,Q6495050
295,Q577
295,Q1437134
295,Q2995644
295,Q1527264
295,Q1487317
295,Q20033
295,Q12147
296,Q399476
296,Q5879690
296,Q11471
296,Q5151
296,Q3196867
296,Q1487317
296,Q99751643
296,Q783794
296,Q2526135
296,Q397164
296,Q1156854
296,Q7231827
296,Q96389934
296,Q17221
296,Q241636
296,Q140686
296,Q10953930
296,Q1179254
296,Q1196501
296,Q22687
296,Q48549120
296,Q360936
297,Q29947926
297,Q599151
297,Q16220058
297,Q251898
297,Q93288
297,Q6807738
297,Q656365
297,Q219221
298,Q399476
298,Q209577
298,Q577
298,Q225590
298,Q2112047
298,Q1692143
298,Q2002118
298,Q16903610
298,Q7096561
299,Q29947926
299,Q2934264
