Q1196314,P279,Q169489
Q200,P31,Q49008
Q200,P461,Q2114394
Q11692,P279,Q169489
Q381136,P1382,Q557880
Q118,P155,Q110
Q118,P156,Q119
Q783794,P279,Q43229
Q783794,P460,Q4830453
Q783794,P2579,Q8134
Q788590,P1269,Q2526135
Q68,P527,Q7397
Q58778,P279,Q6671777
Q39,P530,Q16
Q39,P530,Q183
Q39,P530,Q408
Q39,P530,Q252
Q39,P530,Q145
Q39,P530,Q142
Q39,P530,Q928
Q39,P530,Q43
Q39,P530,Q865
Q39,P530,Q30
Q39,P530,Q148
Q39,P530,Q41
Q39,P47,Q183
Q39,P47,Q142
Q577,P527,Q5151
Q1369832,P279,Q601401
Q1369832,P2079,Q39809
Q1369832,P461,Q194189
Q174173,P460,Q226393
Q780687,P279,Q321839
Q1520777,P461,Q13649246
Q1520777,P279,Q9081
Q1520777,P460,Q9081
Q344,P279,Q11471
Q344,P155,Q193168
Q344,P361,Q11471
Q344,P461,Q192630
Q21255975,P461,Q481609
Q16555,P190,Q85
Q16555,P190,Q1867
Q16555,P17,Q30
Q1371819,P180,Q344
Q1371819,P1889,Q309100
Q1371819,P828,Q309100
Q240673,P361,Q159810
Q5380065,P495,Q30
Q225703,P460,Q295587
Q46737,P279,Q1554231
Q189539,P1552,Q309314
Q189539,P1535,Q157165
Q8161,P279,Q7748
Q47071,P279,Q9128
Q818913,P17,Q142
Q119,P155,Q118
Q119,P156,Q120
Q140686,P2389,Q865588
Q1537946,P31,Q82799
Q194189,P279,Q601401
Q194189,P461,Q1369832
Q194189,P361,Q39809
Q194189,P361,Q159810
Q194189,P361,Q601401
Q1183447,P279,Q15078788
Q1069931,P31,Q4372167
Q164359,P279,Q9081
Q164359,P1382,Q46744
Q164359,P1382,Q9081
Q11004,P279,Q756
Q11004,P279,Q2095
Q11004,P527,Q283
Q731112,P527,Q1416898
Q126,P138,Q1311
Q126,P155,Q125
Q126,P156,Q108
Q679,P461,Q684
Q679,P461,Q667
Q679,P461,Q659
Q1297,P17,Q30
Q1297,P190,Q172
Q1297,P190,Q1524
Q1297,P190,Q90
Q1297,P190,Q3130
Q79719,P279,Q93288
Q408,P530,Q30
Q408,P530,Q155
Q408,P530,Q142
Q408,P530,Q145
Q408,P530,Q16
Q408,P530,Q148
Q408,P530,Q736
Q408,P530,Q41
Q408,P530,Q252
Q408,P530,Q766
Q408,P530,Q17
Q408,P530,Q817
Q408,P530,Q928
Q408,P530,Q34
Q408,P530,Q39
Q408,P530,Q865
Q408,P530,Q43
Q408,P530,Q878
Q408,P530,Q953
Q408,P530,Q8646
Q408,P530,Q846
Q408,P530,Q183
Q408,P47,Q252
Q408,P31,Q223832
Q408,P31,Q6256
Q16,P530,Q30
Q16,P530,Q34
Q16,P530,Q183
Q16,P530,Q928
Q16,P530,Q8646
Q16,P530,Q846
Q16,P530,Q252
Q16,P530,Q804
Q16,P530,Q145
Q16,P530,Q878
Q16,P530,Q43
Q16,P530,Q39
Q16,P530,Q408
Q16,P530,Q155
Q16,P530,Q142
Q16,P530,Q766
Q16,P530,Q865
Q16,P530,Q17
Q16,P530,Q41
Q16,P530,Q148
Q16,P530,Q953
Q16,P206,Q97
Q16,P206,Q98
Q16,P36,Q1930
Q16,P47,Q30
Q16,P172,Q1196645
Q16,P807,Q145
Q16,P31,Q223832
Q16,P31,Q6256
Q16,P150,Q1904
Q16,P150,Q1951
Q155,P530,Q183
Q155,P530,Q408
Q155,P530,Q16
Q155,P530,Q30
Q155,P530,Q736
Q155,P530,Q142
Q155,P530,Q41
Q155,P530,Q252
Q155,P530,Q17
Q155,P530,Q766
Q155,P530,Q145
Q155,P530,Q43
Q155,P530,Q148
Q155,P530,Q865
Q155,P530,Q928
Q155,P530,Q34
Q155,P530,Q953
Q155,P47,Q142
Q155,P31,Q6256
Q17,P530,Q183
Q17,P530,Q30
Q17,P530,Q142
Q17,P530,Q155
Q17,P530,Q408
Q17,P530,Q145
Q17,P530,Q928
Q17,P530,Q148
Q17,P530,Q41
Q17,P530,Q34
Q17,P530,Q865
Q17,P530,Q16
Q17,P530,Q252
Q17,P530,Q43
Q17,P206,Q98
Q17,P47,Q865
Q17,P47,Q148
Q17,P47,Q30
Q17,P47,Q928
Q17,P38,Q8146
Q17,P30,Q48
Q17,P31,Q6256
Q17,P150,Q1490
Q17,P36,Q1490
Q201,P31,Q49008
Q693464,P279,Q1368
Q1713,P279,Q121769
Q1713,P1889,Q206287
Q110,P155,Q109
Q110,P156,Q118
Q41298,P279,Q43229
Q5151,P361,Q577
Q40050,P279,Q11435
Q40050,P279,Q2095
Q167037,P279,Q783794
Q167037,P461,Q728646
Q872,P31,Q268592
Q872,P279,Q15078788
Q11650,P2579,Q11023
Q4830453,P460,Q783794
Q4830453,P279,Q43229
Q315,P361,Q11024
Q315,P1552,Q1308274
Q42240,P361,Q336
Q159810,P2579,Q8134
Q159810,P1889,Q8134
Q7250021,P279,Q2095
Q45701,P279,Q214609
Q2920921,P1269,Q43229
Q2920921,P2079,Q309100
Q79007,P279,Q34442
Q79007,P361,Q319608
Q79007,P527,Q34442
Q601401,P279,Q268592
Q601401,P361,Q159810
Q601401,P31,Q268592
Q601401,P460,Q26643
Q601401,P2579,Q8134
Q283102,P461,Q7722
Q283102,P361,Q573
Q14083,P1269,Q8142
Q14083,P279,Q8142
Q476300,P461,Q380962
Q476300,P1889,Q1178401
Q476300,P31,Q1139327
Q599151,P460,Q61022630
Q18545,P279,Q11422
Q3249878,P31,Q8171
Q23444,P279,Q9128
Q23444,P527,Q3133
Q674950,P279,Q82794
Q554198,P31,Q4830453
Q554198,P17,Q183
Q43016,P5236,Q200
Q207766,P462,Q3133
Q7743,P279,Q41176
Q7743,P279,Q3947
Q83387,P17,Q43
Q83387,P31,Q515
Q1337691,P1269,Q4402708
Q381072,P279,Q104493
Q109,P155,Q108
Q109,P156,Q110
Q109,P138,Q23392
Q8142,P279,Q1368
Q8142,P1889,Q1368
Q6256,P527,Q183366
Q607168,P495,Q30
Q188561,P460,Q420817
Q188094,P425,Q8134
Q3196867,P279,Q2648051
Q3196867,P361,Q8134
Q202785,P1269,Q12483
Q182722,P461,Q62955
Q62955,P461,Q182722
Q62955,P279,Q178803
Q124,P138,Q1311
Q124,P155,Q123
Q124,P156,Q125
Q10870555,P279,Q732577
Q10870555,P279,Q49848
Q11446,P366,Q7590
Q804,P47,Q30
Q804,P31,Q7270
Q804,P31,Q6256
Q804,P122,Q7270
Q804,P530,Q16
Q804,P530,Q183
Q804,P530,Q865
Q804,P530,Q30
Q804,P530,Q148
Q573,P527,Q25235
Q573,P361,Q23387
Q659,P461,Q667
Q659,P461,Q679
Q659,P461,Q684
Q667,P461,Q659
Q667,P461,Q684
Q667,P461,Q679
Q30,P530,Q148
Q30,P530,Q183
Q30,P530,Q408
Q30,P530,Q155
Q30,P530,Q16
Q30,P530,Q17
Q30,P530,Q953
Q30,P530,Q142
Q30,P530,Q928
Q30,P530,Q43
Q30,P530,Q41
Q30,P530,Q145
Q30,P530,Q865
Q30,P530,Q34
Q30,P530,Q39
Q30,P530,Q398
Q30,P530,Q23635
Q30,P530,Q736
Q30,P530,Q766
Q30,P530,Q252
Q30,P530,Q8646
Q30,P530,Q804
Q30,P530,Q817
Q30,P47,Q16
Q30,P47,Q804
Q30,P47,Q17
Q30,P30,Q48
Q30,P31,Q6256
Q30,P150,Q99
Q30,P150,Q812
Q30,P150,Q1204
Q30,P150,Q1415
Q30,P150,Q1588
Q30,P150,Q724
Q30,P150,Q771
Q30,P150,Q1166
Q30,P150,Q1527
Q30,P150,Q1494
Q30,P150,Q1397
Q30,P150,Q1509
Q30,P150,Q1439
Q30,P150,Q829
Q30,P150,Q1370
Q30,P206,Q98
Q30,P206,Q97
Q1210094,P279,Q182076
Q1527264,P1269,Q200535
Q108,P156,Q109
Q108,P155,Q126
Q108,P138,Q23392
Q15290,P279,Q211364
Q15290,P279,Q194112
Q120,P138,Q1313
Q120,P155,Q119
Q120,P156,Q121
Q11023,P3095,Q81096
Q11023,P2578,Q11650
Q11023,P2578,Q12725
Q11023,P2578,Q385378
Q850210,P31,Q101072
Q850210,P279,Q1527264
Q850210,P1889,Q26911
Q16518,P279,Q11446
Q319224,P1535,Q651658
Q30281,P460,Q1775176
Q215536,P425,Q601401
Q295587,P460,Q225703
Q23387,P2670,Q573
Q23387,P361,Q5151
Q23387,P460,Q30722989
Q1204,P17,Q30
Q1204,P47,Q1415
Q1204,P47,Q1166
Q1204,P131,Q30
Q4022,P527,Q283
Q52389,P1535,Q179073
Q206287,P1889,Q1713
Q11229,P279,Q3481047
Q1494,P17,Q30
Q1494,P47,Q1588
Q1494,P47,Q1509
Q1494,P131,Q30
Q1397,P17,Q30
Q1397,P47,Q1166
Q1397,P47,Q1415
Q1397,P47,Q1904
Q1397,P131,Q30
Q85,P190,Q16555
Q85,P190,Q1930
Q85,P190,Q90
Q85,P30,Q15
Q85,P31,Q515
Q131512,P425,Q11451
Q131512,P1830,Q131596
Q12725,P279,Q11379
Q1370,P17,Q30
Q1370,P47,Q1509
Q1370,P47,Q1397
Q1370,P131,Q30
Q1370,P206,Q97
Q309314,P1269,Q12453
Q5951242,P27,Q30
Q39552,P4934,Q11402
Q39552,P4934,Q11500
Q11379,P1552,Q11423
Q268592,P279,Q58778
Q42962,P1889,Q22656
Q42962,P1382,Q22656
Q11432,P527,Q39552
Q11432,P527,Q39297
Q11472,P366,Q207822
Q928,P530,Q34
Q928,P530,Q16
Q928,P530,Q408
Q928,P530,Q30
Q928,P530,Q148
Q928,P530,Q17
Q928,P530,Q252
Q928,P530,Q846
Q928,P530,Q145
Q928,P530,Q39
Q928,P530,Q43
Q928,P530,Q865
Q928,P530,Q878
Q928,P530,Q155
Q928,P530,Q8646
Q928,P530,Q183
Q928,P530,Q41
Q928,P30,Q48
Q928,P47,Q865
Q928,P47,Q252
Q928,P31,Q6256
Q928,P122,Q7270
Q244696,P279,Q8142
Q82799,P279,Q8171
Q82799,P361,Q315
Q11035,P279,Q11019
Q133235,P1542,Q3196
Q1645436,P31,Q4830453
Q1645436,P31,Q658255
Q1645436,P17,Q30
Q1645436,P1056,Q11422
Q1179254,P460,Q7079088
Q4290,P279,Q1369832
Q4290,P3095,Q557880
Q128430,P279,Q3707571
Q42462,P17,Q145
Q42462,P31,Q515
Q42462,P421,Q30192
Q169489,P1889,Q2526135
Q878352,P1552,Q13649246
Q17110160,P31,Q4830453
Q127,P138,Q201
Q127,P138,Q200
Q127,P156,Q128
Q127,P361,Q23387
Q127,P279,Q573
Q42501,P279,Q79529
Q42501,P1552,Q133235
Q70137,P17,Q39
Q61022630,P460,Q599151
Q7233203,P495,Q142
Q37947699,P495,Q155
Q26911,P279,Q2995644
Q26911,P527,Q850210
Q26911,P527,Q240673
Q192630,P279,Q11471
Q192630,P156,Q193168
Q192630,P361,Q11471
Q192630,P31,Q173253
Q192630,P461,Q344
Q571,P186,Q11472
Q571,P279,Q49848
Q571,P279,Q732577
Q1124733,P279,Q35140
Q1775176,P460,Q30281
Q188572,P279,Q42848
Q1200733,P461,Q4290
Q1434127,P495,Q30
Q283,P462,Q3133
Q283,P462,Q23444
Q283,P361,Q2095
Q125,P138,Q33971
Q125,P155,Q124
Q125,P156,Q126
Q1196645,P17,Q16
Q1196645,P276,Q16
Q1196645,P279,Q2472587
Q1196645,P279,Q215627
Q1196645,P27,Q16
Q1196645,P495,Q16
Q1196645,P131,Q16
Q1196645,P138,Q16
Q2995644,P1269,Q179289
Q16218846,P27,Q30
Q1314,P155,Q1313
Q1314,P156,Q1311
Q1314,P279,Q24384
Q1314,P2922,Q110
Q1314,P2922,Q118
Q1314,P2922,Q119
Q1314,P2922,Q123
Q1314,P2922,Q124
Q1314,P2922,Q125
Q315971,P1269,Q43183
Q315971,P1889,Q5551716
Q1420,P618,Q12725
Q1420,P366,Q7590
Q1420,P1542,Q61509
Q3565868,P361,Q7590
Q3565868,P31,Q268592
Q5551716,P279,Q240673
Q301507,P17,Q145
Q25535,P31,Q23442
Q12103677,P31,Q11424
Q12103677,P495,Q30
Q954124,P31,Q4830453
Q954124,P17,Q30
Q93288,P279,Q321839
Q93288,P279,Q49848
Q93288,P1542,Q2648051
Q10289,P279,Q987767
Q10289,P129,Q40050
Q10289,P186,Q287
Q10289,P186,Q11427
Q10289,P186,Q11474
Q1439,P17,Q30
Q1439,P47,Q1588
Q1439,P131,Q30
Q43229,P527,Q10756188
Q288514,P361,Q601401
Q7249430,P495,Q30
Q7958,P3712,Q46744
Q8652,P17,Q30
Q162037,P31,Q11424
Q162037,P495,Q142
Q162037,P495,Q30
Q162037,P495,Q183
Q162037,P495,Q16
Q188904,P421,Q30192
Q5065284,P495,Q30
Q4116214,P361,Q43015
Q12823105,P279,Q180516
Q12823105,P361,Q43229
Q11451,P31,Q268592
Q11451,P279,Q2207288
Q11451,P3095,Q131512
Q41263,P279,Q43015
Q130879,P159,Q84
Q130879,P17,Q145
Q501542,P1001,Q30
Q501542,P17,Q30
Q1137632,P31,Q43229
Q3196,P828,Q133235
Q25288,P279,Q11402
Q25288,P461,Q6497624
Q25288,P1889,Q11423
Q25288,P4934,Q11423
Q515,P279,Q177634
Q7795,P1056,Q22656
Q196751,P361,Q187939
Q350,P17,Q145
Q350,P31,Q515
Q37017,P361,Q23640
Q319608,P279,Q82799
Q1536095,P495,Q34
Q1536095,P17,Q34
Q1308239,P425,Q601401
Q1308239,P279,Q215627
Q1308239,P2868,Q1148747
Q82794,P279,Q2221906
Q82794,P1552,Q11500
Q82794,P1889,Q2221906
Q194105,P460,Q3972943
Q7204,P30,Q48
Q7204,P30,Q15
Q7204,P31,Q82794
Q7204,P361,Q48
Q1311,P155,Q1314
Q1311,P461,Q1313
Q1311,P2922,Q120
Q1311,P2922,Q121
Q1311,P2922,Q122
Q1311,P2922,Q126
Q1311,P2922,Q108
Q1311,P2922,Q109
Q1311,P279,Q24384
Q13371,P17,Q30
Q1156854,P279,Q211364
Q1156854,P1889,Q7163
Q1156854,P31,Q1371819
Q5138245,P31,Q4830453
Q5138245,P159,Q24639
Q5138245,P452,Q126793
Q1400881,P1552,Q6498684
Q685817,P31,Q11424
Q685817,P495,Q145
Q685817,P840,Q84
Q5421955,P279,Q8502
Q5421955,P279,Q54050
Q42848,P1889,Q9081
Q42848,P279,Q11028
Q946865,P1889,Q796919
Q5410500,P461,Q34302
Q1758512,P495,Q34
Q1436130,P2670,Q987767
Q724,P17,Q30
Q724,P131,Q30
Q724,P361,Q771
Q724,P1365,Q771
Q724,P206,Q97
Q10494269,P279,Q1400881
Q218846,P1889,Q4830453
Q124184,P17,Q145
Q211364,P279,Q6671777
Q1951,P36,Q2096
Q1951,P17,Q16
Q1951,P131,Q16
Q1904,P17,Q16
Q1904,P36,Q172
Q1904,P47,Q1397
Q1904,P47,Q1166
Q1904,P47,Q1527
Q1904,P131,Q16
Q775060,P31,Q4830453
Q775060,P17,Q30
Q775060,P1454,Q783794
Q775060,P1056,Q22656
Q178506,P111,Q39297
Q2096,P17,Q16
Q2096,P131,Q1951
Q2096,P31,Q515
Q2096,P1376,Q1951
Q124794,P31,Q173253
Q1588,P17,Q30
Q1588,P47,Q1439
Q1588,P47,Q1494
Q1588,P131,Q30
Q5413454,P31,Q4830453
Q5413454,P452,Q43015
Q49845,P31,Q268592
Q49845,P279,Q7590
Q121,P155,Q120
Q121,P156,Q122
Q81096,P425,Q11023
Q193168,P156,Q344
Q193168,P155,Q192630
Q193168,P361,Q11471
Q1368,P1889,Q8142
Q1368,P366,Q1148747
Q1368,P366,Q601401
Q846677,P361,Q1226939
Q178706,P279,Q43229
Q178706,P1889,Q1664720
Q6266,P460,Q2472587
Q6266,P1889,Q2472587
Q90,P17,Q142
Q90,P1376,Q142
Q90,P190,Q1490
Q90,P190,Q85
Q90,P190,Q1297
Q420817,P460,Q188561
Q2472587,P460,Q6266
Q2472587,P1889,Q6266
Q7300209,P495,Q30
Q12147,P31,Q190258
Q12147,P2579,Q11190
Q5265697,P17,Q30
Q1775867,P1552,Q194112
Q10756188,P361,Q43229
Q10756188,P279,Q1400881
Q123,P138,Q1314
Q123,P155,Q122
Q123,P156,Q124
Q817,P530,Q408
Q817,P530,Q145
Q817,P530,Q43
Q817,P530,Q865
Q817,P530,Q878
Q817,P530,Q30
Q817,P530,Q183
Q817,P30,Q48
Q817,P463,Q7795
Q817,P361,Q7204
Q817,P31,Q6256
Q512542,P17,Q39
Q3972943,P279,Q268592
Q3972943,P1056,Q732577
Q3972943,P31,Q268592
Q3972943,P460,Q194105
Q265158,P279,Q1379672
Q39619,P172,Q35323
Q1343202,P461,Q424543
Q3236990,P279,Q215627
Q221706,P361,Q41176
Q71,P17,Q39
Q736,P31,Q6256
Q736,P463,Q7795
Q736,P530,Q155
Q736,P530,Q183
Q736,P530,Q408
Q736,P530,Q865
Q736,P530,Q30
Q736,P530,Q148
Q736,P122,Q7270
Q39809,P361,Q4830453
Q39809,P361,Q159810
Q39809,P1269,Q194189
Q39809,P527,Q37038
Q39809,P527,Q160151
Q39809,P279,Q268592
Q39809,P31,Q268592
Q846,P31,Q6256
Q846,P30,Q48
Q846,P463,Q7795
Q846,P530,Q16
Q846,P530,Q408
Q846,P530,Q928
Q846,P530,Q865
Q846,P530,Q183
Q846,P706,Q7204
Q846,P361,Q7204
Q517199,P495,Q30
Q2097626,P31,Q11424
Q2097626,P495,Q30
Q309100,P1889,Q7216332
Q309100,P1889,Q1371819
Q309100,P1056,Q1371819
Q128,P279,Q573
Q128,P138,Q201
Q128,P155,Q127
Q128,P156,Q129
Q128,P361,Q23387
Q2516951,P279,Q39809
Q252,P530,Q16
Q252,P530,Q155
Q252,P530,Q183
Q252,P530,Q408
Q252,P530,Q30
Q252,P530,Q928
Q252,P530,Q145
Q252,P530,Q142
Q252,P530,Q34
Q252,P530,Q39
Q252,P530,Q43
Q252,P530,Q865
Q252,P530,Q878
Q252,P530,Q17
Q252,P530,Q148
Q252,P530,Q41
Q252,P30,Q48
Q252,P47,Q928
Q252,P47,Q408
Q252,P35,Q44819
Q252,P463,Q7795
Q252,P31,Q6256
Q252,P122,Q7270
Q7163,P1889,Q1156854
Q902410,P461,Q428148
Q2251595,P361,Q2526135
Q44819,P27,Q252
Q1226939,P527,Q846677
Q11474,P279,Q79529
Q11474,P279,Q214609
Q43637,P2579,Q8134
Q12132,P279,Q58778
Q684,P461,Q679
Q684,P461,Q659
Q684,P461,Q667
Q684,P1889,Q219304
Q48,P527,Q7204
Q48,P47,Q15
Q2625603,P279,Q322481
Q38526,P5236,Q200
Q40231,P279,Q189760
Q40231,P361,Q7163
Q28127053,P495,Q30
Q385378,P1056,Q41176
Q385378,P3095,Q42973
Q385378,P2579,Q11023
Q41273,P4934,Q11423
Q2835558,P31,Q4830453
Q2835558,P31,Q22687
Q13649246,P279,Q1343202
Q13649246,P461,Q1520777
Q13649246,P1382,Q34302
Q82821,P361,Q11042
Q132,P138,Q177053
Q132,P138,Q199
Q132,P279,Q573
Q30722989,P361,Q23387
Q30722989,P460,Q23387
Q28232967,P17,Q16
Q192270,P1269,Q8134
Q192270,P437,Q22855
Q192270,P279,Q1369832
Q192270,P828,Q22855
Q13516686,P279,Q240673
Q1121708,P279,Q2995644
Q23640,P527,Q173253
Q23640,P527,Q37017
Q41176,P527,Q42948
Q41176,P527,Q221706
Q7590,P366,Q61509
Q7590,P121,Q42889
Q7590,P31,Q268592
Q2526135,P1889,Q169489
Q2526135,P1552,Q2251595
Q39911,P361,Q578
Q557880,P425,Q4290
Q42889,P279,Q11019
Q42889,P279,Q987767
Q42889,P366,Q7590
Q42889,P361,Q4323994
Q11426,P279,Q214609
Q8436,P279,Q178706
Q1346610,P17,Q148
Q4358176,P279,Q43229
Q398,P31,Q6256
Q398,P30,Q48
Q398,P530,Q145
Q398,P530,Q865
Q398,P530,Q878
Q398,P530,Q30
Q398,P530,Q183
Q398,P706,Q7204
Q398,P361,Q7204
Q842,P31,Q6256
Q842,P30,Q48
Q842,P47,Q878
Q842,P530,Q865
Q842,P530,Q878
Q842,P530,Q183
Q842,P361,Q7204
Q842,P706,Q31945
Q31945,P17,Q878
Q31945,P17,Q846
Q31945,P17,Q842
Q31945,P17,Q398
Q31945,P17,Q817
Q31945,P31,Q34763
Q878,P47,Q842
Q878,P30,Q48
Q878,P31,Q6256
Q878,P463,Q7795
Q878,P530,Q16
Q878,P530,Q183
Q878,P530,Q408
Q878,P530,Q142
Q878,P530,Q148
Q878,P530,Q145
Q878,P530,Q398
Q878,P530,Q817
Q878,P530,Q842
Q878,P530,Q43
Q878,P530,Q252
Q878,P530,Q928
Q878,P530,Q865
Q878,P361,Q7204
Q7079088,P460,Q1179254
Q428148,P361,Q7163
Q428148,P461,Q902410
Q1341387,P279,Q4830453
Q125356,P31,Q39546
Q766,P31,Q6256
Q766,P530,Q155
Q766,P530,Q408
Q766,P530,Q16
Q766,P530,Q865
Q766,P530,Q30
Q766,P530,Q148
Q766,P530,Q183
Q16155102,P279,Q215627
Q16155102,P279,Q2472587
Q11402,P4934,Q41273
Q953,P530,Q30
Q953,P530,Q183
Q953,P530,Q408
Q953,P530,Q155
Q953,P530,Q16
Q953,P530,Q148
Q953,P530,Q865
Q953,P30,Q15
Q953,P31,Q7270
Q953,P31,Q6256
Q953,P35,Q105480
Q177923,P279,Q194189
Q105480,P27,Q953
Q8146,P17,Q17
Q8146,P31,Q8142
Q8146,P1001,Q17
Q182290,P452,Q601401
Q679322,P31,Q4830453
Q679322,P1056,Q22656
Q4781944,P31,Q4830453
Q4781944,P17,Q30
Q4781944,P495,Q30
Q3088656,P31,Q4830453
Q3088656,P17,Q30
Q7216332,P279,Q309100
Q7216332,P279,Q748250
Q7216332,P460,Q309100
Q7216332,P1889,Q309100
Q7216332,P1382,Q748250
Q721587,P279,Q11024
Q721587,P31,Q49845
Q721587,P452,Q49845
Q257765,P460,Q1201101
Q148,P530,Q30
Q148,P530,Q155
Q148,P530,Q183
Q148,P530,Q408
Q148,P530,Q928
Q148,P530,Q17
Q148,P530,Q43
Q148,P530,Q41
Q148,P530,Q878
Q148,P530,Q15
Q148,P530,Q953
Q148,P530,Q145
Q148,P530,Q39
Q148,P530,Q34
Q148,P530,Q804
Q148,P530,Q766
Q148,P530,Q252
Q148,P530,Q736
Q148,P530,Q16
Q148,P31,Q6256
Q148,P30,Q48
Q148,P47,Q17
Q148,P47,Q865
Q148,P150,Q8646
Q148,P1336,Q865
Q44782,P1889,Q283202
Q191118,P111,Q11423
Q38926,P279,Q11024
Q200266,P1478,Q33767
Q987767,P279,Q39546
Q987767,P1552,Q39297
Q7946,P361,Q8063
Q7946,P279,Q79529
Q7946,P279,Q214609
Q44497,P31,Q11023
Q8646,P17,Q148
Q8646,P530,Q16
Q8646,P530,Q408
Q8646,P530,Q865
Q8646,P530,Q928
Q8646,P530,Q30
Q8646,P530,Q145
Q8646,P361,Q148
Q8646,P31,Q515
Q8646,P30,Q48
Q37507,P186,Q287
Q37507,P279,Q39546
Q34,P530,Q16
Q34,P530,Q183
Q34,P530,Q928
Q34,P530,Q408
Q34,P530,Q30
Q34,P530,Q252
Q34,P530,Q17
Q34,P530,Q865
Q34,P530,Q43
Q34,P530,Q148
Q34,P530,Q41
Q34,P530,Q155
Q34,P47,Q183
Q34,P31,Q6256
Q84,P31,Q515
Q84,P190,Q1490
Q84,P421,Q30192
Q84,P1376,Q145
Q84,P1376,Q21
Q84,P17,Q145
Q84,P131,Q21
Q232469,P460,Q247345
Q130,P279,Q573
Q130,P155,Q129
Q130,P361,Q23387
Q7102610,P495,Q30
Q163810,P31,Q4830453
Q163810,P452,Q190117
Q163810,P17,Q34
Q747265,P31,Q4830453
Q747265,P1056,Q11472
Q1537811,P31,Q4830453
Q1537811,P17,Q34
Q1537811,P452,Q385378
Q1537811,P1056,Q3947
Q72,P17,Q39
Q1072,P703,Q729
Q43183,P31,Q268592
Q1664720,P279,Q178706
Q1664720,P1889,Q178706
Q8134,P2578,Q159810
Q8134,P1889,Q159810
Q8134,P3095,Q188094
Q1490,P31,Q515
Q1490,P17,Q17
Q1490,P190,Q90
Q1490,P190,Q84
Q1490,P1376,Q17
Q1490,P131,Q17
Q2114394,P461,Q200
Q2578692,P279,Q177634
Q651658,P279,Q7590
Q651658,P361,Q159810
Q226393,P460,Q174173
Q7397,P361,Q68
Q7397,P31,Q268592
Q177634,P279,Q43229
Q785893,P1557,Q199
Q15,P47,Q48
Q15,P530,Q148
Q23856,P279,Q11422
Q2495862,P279,Q2761147
Q12483,P361,Q8134
Q12483,P2578,Q42848
Q22855,P1542,Q192270
Q182076,P279,Q189539
Q182076,P279,Q3196867
Q1401706,P279,Q202875
Q1201101,P460,Q257765
Q69709,P17,Q39
Q459524,P495,Q183
Q11019,P279,Q39546
Q11019,P101,Q11023
Q46744,P1382,Q9081
Q46744,P1382,Q164359
Q3133,P279,Q9128
Q289,P279,Q15078788
Q289,P31,Q268592
Q6497624,P461,Q25288
Q245962,P361,Q11023
Q178803,P279,Q601401
Q11032,P279,Q43229
Q11032,P279,Q4830453
Q865,P36,Q1867
Q865,P150,Q1867
Q865,P30,Q48
Q865,P31,Q6256
Q865,P530,Q408
Q865,P530,Q804
Q865,P530,Q145
Q865,P530,Q30
Q865,P530,Q43
Q865,P530,Q8646
Q865,P530,Q928
Q865,P530,Q142
Q865,P530,Q183
Q865,P530,Q155
Q865,P530,Q817
Q865,P530,Q16
Q865,P530,Q736
Q865,P530,Q846
Q865,P530,Q34
Q865,P530,Q252
Q865,P530,Q766
Q865,P530,Q39
Q865,P530,Q41
Q865,P530,Q398
Q865,P530,Q842
Q865,P530,Q878
Q865,P530,Q953
Q865,P530,Q17
Q865,P47,Q17
Q865,P47,Q928
Q865,P47,Q148
Q865,P206,Q98
Q865,P1336,Q148
Q42377797,P1542,Q424543
Q28823,P279,Q214609
Q1184065,P279,Q43229
Q1867,P17,Q865
Q1867,P190,Q16555
Q1867,P190,Q23556
Q1867,P190,Q100
Q1867,P190,Q16557
Q1867,P31,Q515
Q1867,P131,Q865
Q1867,P1376,Q865
Q18097,P30,Q48
Q18097,P31,Q82794
Q18097,P31,Q6266
Q7722,P461,Q283102
Q7722,P361,Q573
Q727691,P27,Q30
Q27686,P279,Q4830453
Q27686,P279,Q41176
Q336,P1056,Q9081
Q7644488,P279,Q215536
Q8502,P279,Q2221906
Q99,P17,Q30
Q99,P131,Q30
Q99,P206,Q98
Q185451,P279,Q1371819
Q129,P279,Q573
Q129,P155,Q128
Q129,P156,Q130
Q129,P361,Q23387
Q1416898,P279,Q731112
Q2142323,P495,Q30
Q1519049,P31,Q11424
Q1519049,P495,Q30
Q1519049,P840,Q1397
Q5421242,P31,Q11424
Q5421242,P495,Q30
Q424543,P527,Q9081
Q424543,P461,Q1343202
Q11563,P279,Q309314
Q202875,P2579,Q8134
Q923,P460,Q13258171
Q796919,P1889,Q946865
Q481609,P461,Q21255975
Q6498684,P460,Q1400881
Q6498684,P828,Q601401
Q12453,P279,Q791801
Q194112,P279,Q211364
Q3647770,P2959,Q1416898
Q785,P421,Q30192
Q16253951,P31,Q11424
Q16253951,P915,Q99
Q16253951,P495,Q30
Q748250,P1382,Q7216332
Q829492,P279,Q601401
Q94247,P17,Q30
Q26643,P921,Q601401
Q26643,P460,Q601401
Q15906346,P495,Q30
Q3602937,P495,Q16
Q9531,P17,Q145
Q9531,P159,Q84
Q9531,P31,Q4830453
Q9531,P452,Q15078788
Q9531,P1056,Q15078788
Q1403377,P279,Q1368
Q1403377,P31,Q8142
Q585425,P27,Q155
Q585425,P1532,Q155
Q3130,P31,Q515
Q3130,P17,Q408
Q44432,P279,Q11379
Q247345,P460,Q232469
Q283202,P1889,Q44782
Q81669,P279,Q41176
Q8425,P1552,Q188619
Q8425,P1552,Q345367
Q1185835,P17,Q30
Q16644043,P279,Q49848
Q16644043,P279,Q730920
Q36091,P17,Q30
Q122,P155,Q121
Q122,P156,Q123
Q11190,P1889,Q12140
Q142,P530,Q183
Q142,P530,Q145
Q142,P530,Q17
Q142,P530,Q155
Q142,P530,Q408
Q142,P530,Q30
Q142,P530,Q878
Q142,P530,Q16
Q142,P530,Q252
Q142,P530,Q39
Q142,P530,Q43
Q142,P530,Q865
Q142,P530,Q41
Q142,P36,Q90
Q142,P36,Q84
Q142,P47,Q183
Q142,P47,Q39
Q142,P47,Q155
Q142,P47,Q145
Q142,P30,Q15
Q142,P31,Q7270
Q142,P31,Q6256
Q142,P206,Q97
Q215627,P279,Q795052
Q11469,P279,Q214609
Q11469,P31,Q214609
Q5530392,P31,Q4830453
Q771,P17,Q30
Q771,P36,Q100
Q771,P131,Q30
Q771,P206,Q97
Q812,P17,Q30
Q812,P206,Q97
Q812,P131,Q30
Q81292,P111,Q11500
Q3947,P527,Q42948
Q3947,P527,Q180516
Q3947,P366,Q7743
Q1368609,P31,Q4830453
Q1368609,P17,Q34
Q1415,P17,Q30
Q1415,P47,Q1166
Q1415,P47,Q1204
Q1415,P47,Q1397
Q1415,P131,Q30
Q126793,P31,Q268592
Q126793,P279,Q601401
Q6502154,P279,Q61509
Q104493,P279,Q1202245
Q104493,P279,Q13649246
Q104493,P1552,Q1775867
Q104493,P1552,Q13649246
Q253623,P279,Q732577
Q253623,P2579,Q8134
Q11423,P1552,Q11379
Q11423,P361,Q11402
Q11423,P1889,Q25288
Q11423,P1542,Q11402
Q11635,P31,Q268592
Q11635,P279,Q43229
Q2397485,P366,Q2526135
Q2321577,P495,Q17
Q2476929,P279,Q7748
Q2476929,P1269,Q1503443
Q11028,P1542,Q9081
Q11028,P1889,Q9081
Q1503443,P279,Q11028
Q1503443,P1552,Q2476929
Q681615,P279,Q43229
Q7829561,P17,Q145
Q870,P366,Q3565868
Q912872,P31,Q4830453
Q12140,P279,Q8386
Q12140,P1889,Q8386
Q12140,P1889,Q11190
Q241906,P527,Q11426
Q145,P530,Q16
Q145,P530,Q155
Q145,P530,Q183
Q145,P530,Q142
Q145,P530,Q408
Q145,P530,Q17
Q145,P530,Q817
Q145,P530,Q30
Q145,P530,Q398
Q145,P530,Q928
Q145,P530,Q252
Q145,P530,Q878
Q145,P530,Q39
Q145,P530,Q865
Q145,P530,Q148
Q145,P530,Q41
Q145,P530,Q43
Q145,P530,Q8646
Q145,P36,Q84
Q145,P421,Q30192
Q145,P47,Q142
Q145,P47,Q183
Q145,P47,Q766
Q145,P31,Q6256
Q145,P150,Q21
Q9964,P527,Q9963
Q925322,P495,Q30
Q487907,P31,Q4830453
Q487907,P452,Q22687
Q487907,P17,Q30
Q487907,P1056,Q182076
Q487907,P1056,Q43183
Q219022,P460,Q584189
Q897,P279,Q11426
Q34370,P31,Q515
Q203607,P31,Q8142
Q193219,P279,Q1414816
Q1951366,P279,Q4830453
Q1951366,P2579,Q8134
Q185744,P279,Q214609
Q31207,P31,Q268592
Q31207,P1269,Q11190
Q1393497,P31,Q4830453
Q1393497,P17,Q30
Q131408,P31,Q39546
Q131408,P279,Q39546
Q1358175,P495,Q34
Q28207096,P31,Q4830453
Q36402,P31,Q25235
Q3626533,P31,Q4830453
Q518016,P31,Q4830453
Q518016,P17,Q30
Q518016,P1056,Q7397
Q547450,P31,Q4830453
Q183,P530,Q30
Q183,P530,Q155
Q183,P530,Q142
Q183,P530,Q145
Q183,P530,Q39
Q183,P530,Q34
Q183,P530,Q41
Q183,P530,Q43
Q183,P530,Q878
Q183,P530,Q148
Q183,P530,Q17
Q183,P530,Q252
Q183,P530,Q408
Q183,P530,Q953
Q183,P530,Q16
Q183,P530,Q804
Q183,P530,Q736
Q183,P530,Q865
Q183,P530,Q928
Q183,P530,Q398
Q183,P530,Q766
Q183,P530,Q846
Q183,P530,Q817
Q183,P530,Q842
Q183,P47,Q39
Q183,P47,Q142
Q183,P31,Q7270
Q183,P31,Q6256
Q13258171,P460,Q923
Q177232,P461,Q7566
Q23392,P279,Q283
Q23392,P1269,Q283
Q23392,P186,Q283
Q474200,P31,Q268592
Q474200,P361,Q11023
Q24639,P17,Q16
Q190928,P452,Q474200
Q190928,P279,Q4830453
Q1255828,P279,Q179875
Q165,P279,Q2221906
Q42008,P279,Q7748
Q5166129,P279,Q21255975
Q5166129,P1542,Q21255975
Q342551,P279,Q1148747
Q5376630,P495,Q30
Q740777,P361,Q39809
Q740777,P527,Q37038
Q21,P31,Q6266
Q21,P31,Q6256
Q21,P36,Q84
Q21,P17,Q145
Q21,P421,Q30192
Q21,P131,Q145
Q1527,P17,Q30
Q1527,P47,Q1904
Q1527,P47,Q1166
Q1527,P131,Q30
Q1166,P17,Q30
Q1166,P47,Q1397
Q1166,P47,Q1415
Q1166,P47,Q1904
Q1166,P47,Q1527
Q1166,P47,Q1204
Q1166,P131,Q30
Q8386,P279,Q79529
Q8386,P1889,Q12140
Q716894,P2670,Q1400881
Q716894,P1382,Q157171
Q716894,P279,Q93288
Q120233,P31,Q4830453
Q120233,P17,Q30
Q25235,P361,Q573
Q584189,P460,Q219022
Q578,P527,Q39911
Q578,P111,Q11471
Q23556,P190,Q1867
Q23556,P190,Q1524
Q23556,P17,Q30
Q1148384,P31,Q3481047
Q1148384,P31,Q2995644
Q1663240,P31,Q11424
Q1663240,P495,Q30
Q43380,P17,Q30
Q43380,P1408,Q30
Q43380,P1454,Q658255
Q3695082,P279,Q9081
Q3695082,P279,Q11028
Q17073099,P31,Q4830453
Q1313,P156,Q1314
Q1313,P461,Q1311
Q1313,P2922,Q126
Q1313,P2922,Q108
Q1313,P2922,Q109
Q1313,P2922,Q120
Q1313,P2922,Q121
Q1313,P2922,Q122
Q1313,P1889,Q24384
Q1313,P279,Q24384
Q878070,P279,Q211364
Q1370714,P186,Q287
Q7925,P527,Q283
Q157171,P279,Q93288
Q2221906,P1889,Q82794
Q131596,P127,Q131512
Q37038,P279,Q11028
Q37260,P279,Q11024
Q37260,P366,Q11024
Q37260,P527,Q378408
Q975590,P17,Q30
Q34302,P1382,Q13649246
Q34302,P1552,Q13649246
Q16917,P279,Q178706
Q3437993,P19,Q23556
Q3437993,P27,Q30
Q172,P31,Q515
Q172,P31,Q43229
Q172,P131,Q1904
Q172,P190,Q1297
Q172,P17,Q16
Q172,P1376,Q1904
Q1930,P190,Q85
Q1930,P17,Q16
Q1930,P131,Q1904
Q1930,P1376,Q16
Q190117,P31,Q268592
Q309084,P17,Q142
Q2876213,P279,Q11023
Q160746,P31,Q4830453
Q160746,P17,Q39
Q43261,P1552,Q126017
Q207822,P279,Q268592
Q207822,P279,Q987767
Q1509,P17,Q30
Q1509,P47,Q1370
Q1509,P47,Q1494
Q1509,P131,Q30
Q41,P530,Q155
Q41,P530,Q183
Q41,P530,Q408
Q41,P530,Q43
Q41,P530,Q17
Q41,P530,Q148
Q41,P530,Q30
Q41,P530,Q865
Q41,P530,Q145
Q41,P530,Q39
Q41,P530,Q34
Q41,P530,Q928
Q41,P530,Q252
Q41,P530,Q142
Q41,P530,Q16
Q41,P36,Q1524
Q41,P47,Q43
Q41,P31,Q6256
Q43,P122,Q7270
Q43,P530,Q16
Q43,P530,Q155
Q43,P530,Q183
Q43,P530,Q408
Q43,P530,Q41
Q43,P530,Q148
Q43,P530,Q30
Q43,P530,Q142
Q43,P530,Q252
Q43,P530,Q817
Q43,P530,Q39
Q43,P530,Q928
Q43,P530,Q865
Q43,P530,Q878
Q43,P530,Q145
Q43,P530,Q34
Q43,P530,Q17
Q43,P30,Q48
Q43,P706,Q48
Q43,P47,Q41
Q43,P31,Q6256
Q43,P361,Q7204
Q766504,P279,Q599151
Q1524,P17,Q41
Q1524,P1376,Q41
Q1524,P31,Q515
Q1524,P190,Q1297
Q1524,P190,Q100
Q1524,P190,Q23556
Q58964,P366,Q890886
Q58964,P31,Q39546
Q9081,P1889,Q11028
Q9081,P1889,Q42848
Q9081,P1382,Q46744
Q9081,P1382,Q164359
Q9081,P460,Q1520777
Q41487,P361,Q7748
Q41487,P1889,Q7748
Q727002,P31,Q49848
Q727002,P31,Q93288
Q829,P17,Q30
Q829,P131,Q30
Q728646,P461,Q167037
Q6147804,P186,Q28823
Q164815,P17,Q30
Q188619,P361,Q43229
Q188619,P361,Q8425
Q188619,P279,Q58778
Q188619,P279,Q6671777
Q23635,P17,Q145
Q23635,P530,Q30
Q100,P17,Q30
Q100,P190,Q1867
Q100,P190,Q1524
Q100,P1376,Q771
Q33486,P17,Q30
Q663,P279,Q12140
Q663,P31,Q214609
Q35758,P1552,Q11423
Q4202277,P1535,Q7188
Q16557,P190,Q1867
Q16557,P17,Q30
